age,gender,study_hours_per_day,social_media_hours,netflix_hours,part_time_job,attendance_percentage,sleep_hours,diet_quality,exercise_frequency,parental_education_level,internet_quality,mental_health_rating,extracurricular_participation,exam_score
0,23,Female,0.0,1.2,1.1,No,85.0,8.0,Fair,6,Master,Average,8,Yes,56.2
1,20,Female,6.9,2.8,2.3,No,97.3,4.6,Good,6,High School,Average,8,No,100.0
2,21,Male,1.4,3.1,1.3,No,94.8,8.0,Poor,1,High School,Poor,1,No,34.3
3,23,Female,1.0,3.9,1.0,No,71.0,9.2,Poor,4,Master,Good,1,Yes,26.8
4,19,Female,5.0,4.4,0.5,No,90.9,4.9,Fair,3,Master,Good,1,No,66.4
5,24,Male,7.2,1.3,0.0,No,82.9,7.4,Fair,1,Master,Average,4,No,100.0
6,21,Female,5.6,1.5,1.4,Yes,85.8,6.5,Good,2,Master,Poor,4,No,89.8
7,21,Female,4.3,1.0,2.0,Yes,77.7,4.6,Fair,0,Bachelor,Average,8,No,72.6
8,23,Female,4.4,2.2,1.7,No,100.0,7.1,Good,3,Bachelor,Good,1,No,78.9
9,18,Female,4.8,3.1,1.3,No,95.4,7.5,Good,5,Bachelor,Good,10,Yes,100.0
11,23,Male,3.9,2.4,2.5,No,71.7,7.9,Fair,2,Bachelor,Average,1,No,74.4
12,19,Female,3.7,2.1,0.4,Yes,81.1,4.5,Fair,1,Bachelor,Good,9,No,76.9
13,19,Female,3.4,2.7,2.7,No,89.3,4.7,Fair,4,Bachelor,Good,10,No,75.8
14,24,Male,2.4,1.5,0.7,No,87.4,6.7,Poor,6,Bachelor,Average,9,No,78.9
15,21,Male,3.1,5.0,1.0,No,97.5,6.5,Good,6,High School,Average,7,No,74.0
16,20,Male,1.0,0.6,0.2,No,92.9,5.6,Poor,3,High School,Poor,8,Yes,55.2
17,24,Female,3.4,2.7,1.2,No,94.7,7.5,Poor,0,High School,Average,1,Yes,70.8
18,24,Other,2.0,4.9,2.9,Yes,88.3,7.1,Good,2,High School,Good,5,No,43.9
19,19,Male,1.8,2.5,2.4,No,71.1,7.5,Fair,1,High School,Average,2,No,45.3
20,22,Female,3.8,2.3,2.9,No,83.0,6.4,Good,3,Master,Good,1,No,58.5
21,21,Male,5.6,2.1,2.4,No,95.6,7.2,Fair,1,High School,Good,3,No,82.5
22,18,Other,4.9,2.3,0.6,No,84.5,6.0,Fair,3,High School,Average,7,No,98.7
23,24,Female,1.1,4.1,1.4,Yes,90.0,9.0,Fair,6,Bachelor,Good,1,No,43.7
24,20,Female,2.0,0.0,0.9,Yes,81.8,5.5,Fair,4,Bachelor,Average,2,No,54.9
25,22,Male,4.9,4.3,3.3,No,74.7,9.0,Fair,1,High School,Average,2,Yes,69.9
26,22,Male,2.0,0.8,0.5,No,83.8,6.5,Good,4,Bachelor,Poor,4,No,73.5
27,18,Male,3.2,2.2,2.8,Yes,88.1,4.8,Fair,5,Bachelor,Average,3,No,71.1
28,24,Male,4.3,2.0,2.8,Yes,78.4,8.1,Good,5,High School,Poor,3,Yes,82.8
29,20,Female,2.0,3.2,3.8,Yes,82.6,6.7,Poor,6,High School,Poor,10,Yes,75.7
30,21,Female,3.7,0.6,1.3,No,75.6,7.5,Fair,2,Master,Average,5,No,70.6
31,17,Other,1.5,3.1,2.6,Yes,96.2,8.0,Fair,4,Bachelor,Average,3,Yes,51.3
32,20,Other,2.6,4.9,4.3,No,82.1,6.9,Good,3,Bachelor,Good,7,No,52.1
34,22,Female,1.1,2.7,0.1,No,100.0,7.7,Fair,1,High School,Good,4,No,51.2
35,21,Female,4.2,1.7,0.0,Yes,84.2,6.5,Good,1,Bachelor,Average,3,No,72.6
36,20,Female,3.5,3.0,2.6,No,74.9,7.3,Fair,3,High School,Good,4,No,70.7
37,17,Male,4.3,2.5,0.0,Yes,64.1,3.9,Good,0,High School,Average,2,No,59.4
38,17,Male,3.8,1.7,1.4,No,70.3,7.0,Poor,0,Bachelor,Good,1,No,58.1
39,19,Male,5.5,3.1,2.3,No,71.3,5.7,Good,1,High School,Average,3,No,82.3
40,19,Female,3.7,4.7,2.0,No,98.8,8.5,Good,6,Bachelor,Good,2,No,69.7
41,23,Female,2.9,2.3,2.3,No,86.2,7.2,Good,6,Bachelor,Average,1,No,66.0
42,18,Male,3.7,3.4,2.0,No,88.9,6.8,Fair,3,High School,Poor,1,Yes,63.5
43,24,Female,4.3,0.9,3.2,No,62.8,7.1,Poor,0,Bachelor,Good,2,No,65.7
44,20,Female,3.6,1.4,0.8,No,73.0,5.3,Good,4,High School,Poor,9,No,78.5
45,20,Male,3.6,3.1,1.1,No,93.9,8.4,Fair,1,Bachelor,Average,5,Yes,75.1
46,24,Male,2.4,4.3,1.0,No,87.9,8.9,Poor,5,High School,Average,9,Yes,71.0
48,22,Female,1.4,2.1,2.8,No,90.6,8.4,Fair,3,Bachelor,Good,6,No,52.6
49,22,Female,6.1,2.5,2.3,No,100.0,5.8,Poor,5,High School,Average,1,No,96.5
50,23,Female,1.6,1.0,3.1,No,82.8,5.5,Fair,4,Master,Good,10,Yes,62.0
51,22,Female,2.5,3.2,0.5,No,85.7,6.5,Poor,0,High School,Average,5,No,59.7
52,19,Female,2.4,3.6,3.6,No,86.9,7.0,Fair,6,High School,Average,1,No,48.4
53,20,Female,4.8,2.0,3.5,No,100.0,6.0,Good,0,Bachelor,Good,7,Yes,70.6
54,23,Female,3.1,1.9,2.6,Yes,64.0,7.1,Fair,5,High School,Good,10,No,68.1
55,20,Male,5.4,2.8,3.8,No,91.8,6.9,Good,2,High School,Good,8,No,87.2
56,24,Male,2.5,2.0,0.0,No,83.9,5.3,Good,6,Bachelor,Average,8,No,66.7
57,17,Male,3.9,2.4,1.2,No,90.7,7.1,Good,1,Bachelor,Average,7,Yes,75.2
58,19,Female,2.2,5.0,1.0,No,78.4,7.5,Poor,5,Master,Average,2,Yes,46.4
59,21,Female,6.7,2.2,2.6,No,84.5,6.7,Good,3,Master,Average,5,Yes,97.1
60,19,Female,1.7,2.1,0.6,Yes,92.1,7.9,Fair,1,High School,Average,4,No,61.2
61,23,Male,4.0,1.7,2.6,No,100.0,5.0,Fair,4,Bachelor,Good,5,No,75.0
62,21,Male,4.5,3.4,3.3,Yes,93.1,7.1,Good,6,High School,Good,10,No,94.7
63,17,Male,4.1,2.3,2.6,Yes,76.5,5.1,Fair,3,Bachelor,Average,9,No,77.6
64,23,Male,3.2,1.7,2.1,No,80.8,5.2,Good,3,High School,Poor,4,Yes,68.6
65,18,Female,3.3,4.1,0.7,No,80.5,5.7,Poor,0,Master,Good,8,No,69.6
66,20,Male,3.6,4.2,0.9,No,67.0,5.4,Good,4,Bachelor,Average,8,No,66.5
67,17,Male,3.3,1.8,3.2,No,81.7,5.8,Poor,0,Master,Good,2,No,62.2
68,20,Female,4.9,0.3,2.7,Yes,92.3,6.2,Good,0,Bachelor,Poor,6,No,82.1
69,22,Male,6.8,3.7,1.8,No,72.3,7.5,Poor,6,Master,Average,5,No,100.0
70,18,Female,2.7,1.7,1.3,No,95.5,6.1,Poor,2,Bachelor,Good,2,Yes,59.7
71,18,Female,1.4,3.4,0.0,No,89.9,4.6,Fair,0,High School,Poor,10,Yes,55.1
72,17,Male,3.4,0.1,0.6,No,77.7,7.9,Fair,1,High School,Average,4,Yes,77.1
73,18,Female,7.4,3.6,3.9,No,83.6,5.5,Fair,3,High School,Average,7,Yes,97.7
75,18,Female,6.0,3.4,2.0,Yes,92.3,7.0,Fair,0,Bachelor,Good,9,Yes,99.9
76,20,Male,6.0,2.5,2.9,No,85.1,6.7,Poor,5,Bachelor,Average,10,Yes,100.0
77,20,Female,2.7,1.4,0.4,No,82.6,7.8,Fair,1,Bachelor,Poor,1,No,57.2
78,23,Female,4.4,2.0,2.0,Yes,85.8,7.1,Good,4,Master,Good,5,No,77.3
79,20,Male,5.9,3.3,2.8,Yes,79.9,5.5,Good,3,Master,Average,7,No,91.6
80,23,Male,2.9,2.6,1.8,No,64.0,9.1,Good,6,High School,Good,8,No,70.7
81,20,Other,3.2,3.2,5.0,No,100.0,6.7,Good,5,High School,Poor,2,No,57.6
82,21,Female,2.6,4.9,0.0,Yes,86.6,6.3,Fair,6,High School,Poor,4,No,60.2
83,24,Male,2.0,0.6,3.0,No,89.0,7.7,Poor,6,High School,Good,2,Yes,50.5
84,23,Female,2.5,4.4,1.6,No,84.4,6.8,Fair,5,Bachelor,Average,4,No,51.3
85,19,Male,1.7,2.6,2.6,No,77.6,7.0,Good,4,Bachelor,Good,6,No,53.5
86,22,Male,3.6,1.4,2.3,No,83.1,9.5,Good,5,Bachelor,Poor,6,No,79.2
87,17,Male,2.3,0.9,1.0,No,69.0,6.2,Fair,1,Master,Average,2,Yes,47.2
88,20,Male,3.9,2.3,2.1,No,100.0,6.1,Poor,6,Bachelor,Good,4,No,73.4
89,18,Male,1.2,3.6,0.0,No,72.7,6.6,Poor,4,High School,Average,4,Yes,41.1
90,24,Male,4.0,2.3,2.5,No,74.7,7.8,Fair,6,Bachelor,Good,1,No,77.8
91,20,Female,4.8,4.3,2.1,No,80.6,4.7,Fair,5,High School,Average,2,No,63.4
92,18,Male,0.5,0.8,2.5,Yes,97.9,4.1,Poor,4,High School,Good,3,No,43.9
94,22,Female,5.3,1.0,2.2,No,72.6,4.5,Fair,0,High School,Average,8,No,81.3
95,22,Male,1.7,2.9,2.0,No,97.5,6.0,Good,0,High School,Good,6,No,50.2
96,18,Female,6.0,3.6,0.8,No,92.3,7.1,Good,0,High School,Good,3,No,87.9
97,20,Male,4.1,2.0,1.0,No,90.4,5.4,Good,5,Bachelor,Average,6,No,80.9
98,22,Male,2.4,0.0,3.1,No,92.2,4.8,Good,3,Bachelor,Good,7,Yes,63.9
99,21,Male,3.4,2.7,3.4,No,100.0,6.6,Good,1,High School,Good,6,No,65.6
101,18,Male,3.6,3.0,1.9,No,78.1,4.5,Good,6,Bachelor,Average,6,No,74.0
103,20,Male,2.1,1.2,3.1,No,88.8,7.5,Good,4,Master,Average,3,No,50.4
104,18,Male,3.8,3.3,2.5,No,90.0,7.6,Good,5,Bachelor,Good,7,No,74.3
105,18,Male,1.4,3.9,3.9,Yes,68.1,8.0,Good,4,High School,Average,4,Yes,32.8
106,22,Male,3.3,0.4,0.8,No,83.3,9.1,Good,6,High School,Good,4,Yes,82.3
108,22,Female,2.4,1.9,2.1,No,93.3,6.6,Poor,4,High School,Average,9,Yes,60.0
109,23,Female,5.4,2.4,2.5,No,95.7,6.0,Fair,2,High School,Good,2,No,77.5
110,24,Male,5.1,2.9,1.6,No,64.3,6.5,Fair,3,Bachelor,Average,9,Yes,86.5
111,23,Female,4.4,1.9,0.8,No,84.8,8.3,Good,1,High School,Average,3,No,76.9
112,24,Female,1.9,1.7,2.8,No,96.2,4.9,Fair,1,Bachelor,Poor,6,Yes,43.9
113,22,Male,3.0,2.5,2.6,No,83.1,5.5,Fair,0,Bachelor,Average,4,No,51.3
114,23,Female,5.3,1.2,0.8,No,92.3,8.2,Fair,2,High School,Average,1,No,83.3
118,24,Female,3.8,3.3,1.9,No,72.8,6.9,Poor,3,Bachelor,Good,2,Yes,58.3
119,21,Female,3.0,3.1,2.4,Yes,73.8,8.3,Fair,4,High School,Average,7,No,66.3
120,24,Male,3.7,0.4,0.9,No,92.1,6.6,Fair,6,Bachelor,Average,6,No,87.9
121,21,Male,3.3,1.7,1.8,No,85.2,7.7,Poor,0,High School,Good,2,No,60.5
122,18,Male,4.6,3.9,0.0,No,83.6,9.7,Poor,3,High School,Good,2,No,84.8
123,23,Female,4.9,1.3,2.8,No,80.8,7.2,Good,1,Bachelor,Average,4,No,77.0
124,21,Female,2.3,1.9,0.1,No,81.9,6.6,Fair,2,Bachelor,Average,4,No,61.7
125,24,Male,1.5,3.1,3.5,No,95.5,7.4,Fair,0,High School,Average,3,No,44.0
126,18,Male,0.7,3.4,1.4,Yes,81.6,6.1,Poor,1,High School,Poor,8,No,42.4
127,17,Female,4.3,2.2,1.6,No,71.6,9.4,Good,5,Bachelor,Good,7,No,88.0
128,20,Male,1.8,1.8,1.1,No,92.4,6.7,Good,0,High School,Good,2,No,48.7
129,20,Male,0.3,4.2,1.5,No,83.0,6.2,Good,1,High School,Average,3,Yes,26.8
130,20,Female,4.1,4.6,3.4,No,85.3,5.5,Poor,5,Bachelor,Good,10,No,81.6
131,21,Female,7.2,3.7,0.0,No,100.0,7.8,Good,6,High School,Good,9,No,100.0
132,17,Female,3.5,2.6,3.2,Yes,84.8,7.5,Fair,5,Bachelor,Average,5,Yes,74.0
133,21,Female,4.8,1.5,2.2,No,87.9,5.9,Fair,4,Bachelor,Poor,2,Yes,78.4
134,23,Male,3.6,1.5,0.5,No,73.2,7.2,Fair,2,Bachelor,Good,3,No,70.7
135,21,Male,3.4,3.1,0.6,No,82.8,4.7,Fair,4,Bachelor,Good,8,No,74.3
136,17,Female,4.9,3.0,3.6,No,91.1,6.7,Good,1,Bachelor,Good,4,No,67.6
137,17,Male,3.1,4.2,0.8,No,69.4,7.0,Good,6,Bachelor,Poor,2,No,64.7
138,23,Male,3.9,3.3,0.5,No,87.0,8.5,Fair,3,Master,Average,2,No,64.1
139,17,Male,4.0,0.7,3.1,No,86.0,5.6,Good,6,High School,Poor,6,No,83.5
140,24,Male,2.5,3.8,2.2,No,85.4,5.0,Good,6,High School,Good,8,No,63.4
141,17,Male,5.0,1.3,0.8,No,95.4,5.4,Good,6,Bachelor,Good,7,No,96.2
142,20,Male,3.2,2.0,2.0,No,88.3,4.9,Fair,4,Bachelor,Poor,4,Yes,65.4
144,24,Male,4.3,4.9,3.0,No,75.1,8.4,Fair,5,Master,Good,9,Yes,74.0
146,19,Female,3.5,3.2,2.4,No,85.8,8.0,Poor,2,Bachelor,Good,9,No,75.5
147,19,Female,3.5,2.3,2.2,No,74.3,6.7,Fair,3,Bachelor,Poor,5,Yes,78.1
148,17,Female,5.1,3.1,3.7,No,94.6,6.4,Fair,1,Master,Good,7,No,85.2
150,19,Male,3.5,2.1,0.5,Yes,84.8,6.1,Good,4,Bachelor,Average,2,No,64.2
151,19,Female,4.7,4.7,2.3,No,90.1,4.6,Good,1,High School,Good,6,No,69.7
152,17,Female,5.6,2.8,4.1,No,85.8,6.8,Good,4,High School,Good,7,No,90.3
154,21,Male,3.5,3.3,1.4,No,66.8,7.4,Fair,1,Bachelor,Good,3,No,65.0
155,18,Male,1.5,3.0,2.3,No,77.9,6.6,Fair,3,High School,Good,10,No,57.3
156,23,Male,1.9,3.5,1.7,Yes,71.1,6.3,Fair,0,High School,Good,8,No,57.7
157,18,Male,3.0,1.8,0.7,No,100.0,5.5,Poor,4,Bachelor,Poor,3,No,56.7
158,17,Female,2.6,1.8,3.0,No,83.8,6.6,Fair,4,Bachelor,Good,5,Yes,62.3
159,20,Female,3.2,1.2,4.4,No,81.5,7.4,Good,3,Bachelor,Average,9,No,77.9
160,23,Male,3.6,3.0,2.0,No,93.9,5.1,Fair,0,Master,Average,5,No,65.2
161,17,Other,4.3,3.4,0.8,No,73.8,6.6,Good,6,High School,Average,7,No,76.8
162,24,Female,3.4,3.0,0.1,No,77.3,6.8,Fair,5,Master,Average,7,No,83.8
163,20,Male,4.2,4.5,2.1,No,85.7,5.6,Poor,2,Master,Good,5,No,70.6
164,18,Male,3.6,2.5,3.0,No,95.3,5.8,Poor,3,High School,Average,2,Yes,63.1
165,17,Male,0.5,3.3,2.3,No,90.0,6.8,Fair,4,High School,Good,5,No,39.0
166,24,Male,2.1,1.2,1.8,No,87.5,5.1,Fair,1,High School,Average,7,No,66.7
167,23,Male,3.3,2.0,1.2,Yes,85.8,6.9,Poor,0,High School,Good,7,No,72.2
168,23,Male,1.7,3.3,0.6,No,89.0,5.4,Fair,5,Bachelor,Good,4,Yes,50.1
169,22,Male,4.4,3.5,2.7,Yes,87.0,7.8,Fair,2,Bachelor,Good,1,No,62.4
170,24,Male,5.8,2.1,2.8,No,74.7,9.3,Fair,1,Bachelor,Good,6,No,96.6
171,21,Female,5.3,2.4,0.1,No,85.5,5.5,Good,0,Bachelor,Good,3,Yes,85.8
172,19,Male,3.2,0.7,3.5,No,74.3,7.1,Good,5,High School,Good,5,No,68.3
173,20,Female,5.7,2.1,2.4,No,85.8,5.6,Fair,3,Master,Good,4,Yes,83.8
174,24,Male,3.7,3.6,3.3,Yes,80.2,7.7,Good,5,High School,Poor,2,No,69.3
175,22,Other,3.0,3.2,0.3,No,100.0,5.0,Good,3,Master,Good,7,No,65.3
176,19,Male,2.6,3.1,0.3,No,84.6,7.1,Good,6,High School,Average,5,Yes,77.5
177,19,Male,3.0,2.6,1.6,No,71.0,5.5,Fair,0,Master,Average,7,Yes,55.0
179,19,Female,3.8,1.7,3.8,No,90.2,5.3,Good,2,High School,Average,4,No,58.1
181,23,Male,3.5,3.0,1.5,Yes,79.1,5.5,Good,0,Bachelor,Average,9,No,67.4
182,22,Male,4.2,3.1,0.7,No,69.2,7.2,Good,1,Master,Poor,10,No,79.9
183,19,Female,5.3,1.9,3.2,No,93.2,6.1,Fair,1,High School,Average,4,Yes,85.7
184,17,Female,4.9,0.0,0.7,No,71.2,6.4,Fair,5,Master,Poor,5,No,96.2
185,21,Female,1.3,3.8,3.6,Yes,80.6,6.7,Fair,5,Bachelor,Good,5,No,40.4
186,18,Female,0.0,1.9,1.5,No,82.4,5.6,Fair,3,Bachelor,Average,8,No,55.2
187,23,Male,4.9,1.5,3.5,No,84.3,6.8,Fair,0,Bachelor,Average,4,No,73.8
188,23,Female,1.4,3.3,2.5,No,91.9,8.3,Fair,3,High School,Poor,4,Yes,46.5
189,22,Male,3.2,2.0,1.6,No,78.2,5.6,Fair,2,High School,Average,7,Yes,60.5
190,23,Male,1.7,3.8,1.2,No,82.3,7.9,Poor,6,Master,Good,5,No,55.4
191,19,Male,0.8,3.2,1.4,No,84.9,8.3,Good,1,Master,Average,6,No,45.1
192,17,Female,4.3,3.3,2.3,No,86.5,5.5,Poor,4,Master,Good,6,No,69.4
193,23,Male,4.6,0.9,1.9,No,86.0,4.8,Good,4,Master,Good,6,No,81.3
194,23,Male,2.6,4.0,1.1,No,89.4,6.9,Good,0,High School,Good,10,No,66.6
195,18,Female,0.0,2.8,1.6,No,93.4,5.8,Fair,0,Bachelor,Good,5,No,26.7
196,18,Male,2.7,2.1,1.9,No,88.9,8.7,Good,4,High School,Poor,5,No,64.5
197,20,Female,4.1,2.7,0.0,No,89.5,6.5,Fair,0,Master,Average,9,Yes,87.1
198,21,Male,1.3,0.4,2.3,Yes,69.2,5.5,Good,1,High School,Good,8,Yes,42.2
199,19,Female,3.8,3.0,0.7,No,85.5,5.1,Fair,2,Bachelor,Good,4,No,61.6
200,23,Female,3.5,1.3,0.5,No,89.8,7.8,Fair,2,Bachelor,Good,7,No,81.9
201,24,Male,4.4,0.9,0.0,No,92.3,5.8,Fair,3,High School,Good,8,No,96.5
203,17,Male,2.0,3.8,0.3,No,78.4,7.6,Fair,6,Master,Poor,5,No,58.5
204,20,Male,5.3,1.7,1.0,No,79.3,5.9,Fair,0,Bachelor,Good,3,Yes,78.4
205,21,Other,3.3,4.3,3.9,No,90.4,6.4,Fair,0,High School,Good,4,No,56.4
206,24,Male,3.5,1.9,1.2,No,95.3,6.5,Poor,6,Bachelor,Average,10,Yes,92.6
207,20,Female,2.1,0.5,2.0,No,80.9,7.3,Poor,3,Bachelor,Good,6,Yes,62.3
208,22,Male,2.8,1.2,2.2,Yes,94.1,7.2,Fair,3,High School,Average,10,No,75.8
209,21,Female,2.2,4.0,1.9,No,86.2,6.2,Poor,0,High School,Average,5,Yes,47.1
210,23,Female,3.2,2.3,1.7,Yes,83.8,6.6,Poor,0,Master,Good,9,No,66.3
211,23,Female,6.1,1.8,0.5,No,82.9,6.1,Good,6,Bachelor,Good,3,Yes,98.3
212,21,Male,1.4,2.7,3.4,No,92.5,4.7,Poor,1,Bachelor,Average,2,Yes,29.7
213,23,Male,1.1,3.1,3.8,No,88.3,6.8,Good,6,Bachelor,Poor,6,No,45.5
215,21,Female,3.2,4.2,0.7,No,76.5,5.4,Good,6,High School,Good,5,Yes,67.5
216,20,Female,2.5,2.1,1.5,No,90.2,5.6,Fair,6,High School,Average,1,Yes,60.3
217,21,Other,5.1,0.9,0.7,No,79.7,5.5,Fair,6,High School,Good,3,No,87.0
218,24,Male,2.6,2.0,2.4,No,76.3,7.4,Fair,1,Bachelor,Good,3,No,48.5
219,23,Female,6.2,2.8,1.0,No,84.9,7.0,Fair,5,Master,Good,4,No,100.0
220,19,Female,4.5,1.3,4.2,No,86.4,6.3,Fair,0,High School,Average,10,No,82.1
221,19,Male,2.8,1.4,3.1,No,100.0,5.4,Poor,4,High School,Good,6,Yes,63.7
222,22,Male,6.7,2.9,2.0,No,83.2,6.6,Good,6,Bachelor,Average,5,No,100.0
223,20,Female,2.6,2.4,2.9,No,73.7,4.6,Fair,4,Master,Average,1,No,41.9
224,18,Female,4.6,2.5,3.0,No,87.7,6.7,Fair,5,Bachelor,Poor,6,No,72.7
225,18,Female,3.9,1.6,1.2,No,64.3,7.5,Good,0,Master,Average,9,Yes,74.3
226,21,Male,5.5,2.2,0.9,Yes,84.1,5.0,Fair,3,Bachelor,Good,1,No,88.7
227,22,Female,5.8,1.4,1.9,No,85.2,4.7,Good,4,Bachelor,Average,8,Yes,96.6
228,17,Male,3.5,3.6,2.7,No,92.9,8.4,Fair,3,High School,Average,8,Yes,72.6
229,21,Male,2.4,3.7,2.0,No,94.7,5.8,Good,4,High School,Good,3,Yes,52.4
230,22,Male,4.2,0.3,0.1,No,80.0,7.9,Poor,3,High School,Poor,9,Yes,100.0
231,20,Female,2.5,1.4,0.9,No,83.5,6.3,Good,6,Bachelor,Good,8,No,73.1
232,20,Female,6.5,0.7,1.7,No,77.3,6.3,Good,4,Master,Average,3,No,100.0
233,20,Female,3.7,1.7,1.7,No,73.7,7.0,Fair,3,Master,Poor,10,Yes,80.8
234,20,Male,3.0,2.4,4.0,No,88.1,5.4,Poor,5,High School,Good,5,No,62.9
235,20,Female,3.8,0.8,0.3,No,72.3,6.7,Fair,1,High School,Poor,3,No,71.5
236,22,Male,1.5,1.4,2.4,No,80.9,6.0,Good,3,High School,Good,5,No,46.2
237,22,Female,2.0,1.3,3.4,Yes,75.0,4.9,Fair,1,High School,Average,9,No,53.8
238,19,Male,5.3,2.7,4.3,No,90.5,6.9,Fair,1,Bachelor,Poor,4,Yes,74.2
239,24,Male,2.5,2.6,1.4,No,100.0,6.2,Poor,0,Master,Poor,6,No,52.5
240,18,Male,1.9,1.6,2.3,No,72.0,6.3,Fair,6,Master,Poor,3,No,51.2
241,23,Male,4.3,2.7,2.4,Yes,66.5,5.0,Fair,5,Bachelor,Poor,3,No,60.6
242,20,Female,5.3,1.8,2.0,No,83.8,8.4,Good,1,Bachelor,Good,5,No,91.5
243,17,Female,4.6,2.2,1.7,No,85.2,7.6,Fair,2,Bachelor,Average,8,No,87.3
244,23,Male,5.0,4.5,2.3,No,87.2,7.7,Good,6,High School,Average,8,No,98.0
245,22,Female,2.4,4.1,0.0,No,80.5,6.1,Fair,1,Bachelor,Average,3,Yes,47.9
246,17,Male,1.4,0.9,2.6,Yes,83.0,4.4,Poor,3,Bachelor,Good,8,No,51.0
247,17,Female,5.8,3.5,1.9,No,88.7,8.8,Fair,1,Bachelor,Good,8,Yes,90.0
248,17,Female,3.0,3.5,1.6,No,95.4,6.4,Fair,3,High School,Good,3,No,54.1
249,19,Female,3.1,1.1,4.1,No,65.4,5.6,Good,3,High School,Good,10,Yes,58.4
250,22,Male,5.5,3.5,1.1,Yes,81.3,7.0,Good,2,High School,Average,10,No,100.0
251,17,Female,4.3,4.3,1.4,No,87.1,7.9,Fair,1,Master,Average,2,No,65.2
252,20,Female,4.2,1.2,4.0,No,75.8,6.5,Fair,1,High School,Good,10,No,85.3
253,21,Male,6.7,1.4,0.9,No,100.0,8.0,Fair,4,Bachelor,Good,2,No,93.8
254,17,Male,2.5,3.7,1.2,Yes,78.6,7.8,Good,6,Bachelor,Average,9,No,78.8
255,19,Female,4.9,2.8,1.6,No,84.6,5.2,Good,4,High School,Average,7,No,85.0
256,23,Female,3.6,3.2,2.7,No,90.6,5.7,Good,0,Bachelor,Good,6,No,64.5
257,22,Female,3.9,2.9,2.0,No,79.1,7.6,Fair,3,Master,Good,7,No,71.0
258,24,Female,5.8,3.0,0.4,No,66.5,3.2,Fair,2,High School,Average,8,No,90.8
259,19,Female,4.3,0.9,1.2,No,80.7,6.3,Fair,4,Master,Good,1,No,72.6
260,17,Male,4.3,3.8,1.1,No,95.3,4.8,Fair,1,High School,Average,8,No,70.9
262,21,Male,3.0,2.2,2.3,No,76.5,6.1,Poor,2,Master,Average,3,No,49.1
263,17,Female,2.2,2.4,2.3,Yes,94.3,6.1,Poor,5,Bachelor,Average,6,No,62.7
264,19,Male,1.9,0.7,0.0,No,81.7,5.8,Good,1,Master,Poor,4,No,51.5
265,18,Female,0.6,3.1,3.0,No,79.9,5.2,Good,1,Bachelor,Good,4,No,18.4
266,20,Female,6.6,3.2,2.1,No,86.5,9.3,Fair,5,Master,Average,4,Yes,100.0
267,24,Female,1.8,2.4,3.3,Yes,92.7,8.7,Fair,3,Bachelor,Good,10,No,53.3
268,23,Male,3.2,3.8,2.3,No,100.0,5.1,Fair,3,Bachelor,Poor,9,No,76.1
269,19,Female,3.1,2.1,3.0,No,93.3,8.4,Good,4,Bachelor,Average,8,No,85.6
270,22,Male,4.0,3.2,2.3,Yes,96.6,6.0,Good,4,High School,Good,3,Yes,63.0
271,24,Female,4.7,1.3,3.3,Yes,79.9,6.7,Good,1,Master,Good,1,No,73.6
272,24,Male,4.8,2.5,2.4,Yes,74.7,6.4,Good,6,High School,Good,1,No,76.2
273,24,Male,2.6,2.3,1.7,No,85.6,5.7,Fair,1,Bachelor,Good,1,Yes,45.5
274,17,Female,3.2,2.8,4.3,No,86.1,7.7,Fair,4,High School,Average,4,Yes,58.6
275,20,Male,3.9,2.1,2.8,No,74.2,6.7,Fair,5,Bachelor,Average,6,No,77.8
276,17,Male,3.1,2.3,2.4,Yes,83.2,5.9,Fair,4,High School,Good,4,Yes,61.5
278,17,Female,4.2,2.0,0.4,No,88.6,5.4,Fair,2,Master,Good,8,Yes,93.9
279,18,Female,4.6,0.6,2.1,No,90.0,4.5,Poor,1,High School,Good,8,No,85.9
280,20,Female,4.5,4.6,2.0,No,87.9,6.5,Fair,2,Bachelor,Good,6,No,73.8
281,20,Female,5.3,4.2,1.1,Yes,79.9,5.1,Good,2,High School,Average,9,No,83.3
283,23,Male,1.6,3.3,3.5,Yes,73.0,8.1,Good,6,High School,Good,1,No,47.1
284,18,Male,4.1,1.9,2.6,No,100.0,7.9,Fair,6,Bachelor,Good,8,No,91.9
286,17,Female,2.7,2.9,1.7,No,82.8,6.4,Fair,4,Master,Average,1,No,46.6
287,21,Male,4.4,2.2,0.9,No,75.7,8.8,Good,6,High School,Poor,4,Yes,84.2
288,17,Male,5.4,1.6,1.4,No,100.0,7.1,Fair,3,High School,Average,5,No,95.5
289,24,Female,3.5,1.7,1.3,No,74.3,6.1,Good,1,High School,Good,7,Yes,73.5
291,19,Female,6.1,1.5,0.4,No,89.2,7.0,Poor,1,Bachelor,Average,9,No,100.0
292,17,Female,3.9,2.4,1.7,Yes,91.0,7.5,Good,4,Master,Average,6,Yes,74.2
293,18,Female,7.4,1.6,1.2,No,94.6,5.7,Fair,5,Bachelor,Good,10,Yes,100.0
294,18,Male,4.3,3.3,0.0,No,100.0,6.8,Fair,6,High School,Average,9,No,94.9
295,20,Female,0.9,4.3,4.1,No,90.1,6.1,Good,6,High School,Average,4,No,27.6
296,22,Female,4.6,1.8,3.0,No,74.4,6.3,Fair,6,High School,Average,8,No,86.2
297,23,Female,4.1,2.8,1.4,No,82.4,3.5,Good,2,Master,Average,3,No,60.1
298,21,Female,5.4,3.1,1.8,No,88.1,6.2,Poor,3,High School,Average,4,Yes,91.3
299,24,Female,4.5,3.1,0.5,No,100.0,7.7,Fair,3,Bachelor,Average,10,No,93.8
300,17,Female,3.3,2.6,3.7,No,71.0,5.7,Poor,6,High School,Good,4,Yes,61.6
301,17,Male,1.7,3.4,3.9,Yes,97.0,6.6,Good,3,High School,Average,6,No,41.7
302,19,Female,3.2,3.1,2.0,No,86.8,5.6,Fair,5,High School,Poor,9,No,74.5
304,18,Male,2.6,3.5,2.0,No,84.0,6.2,Good,0,Bachelor,Average,1,No,39.6
305,21,Female,4.4,3.6,0.3,No,76.6,5.4,Fair,2,High School,Good,5,Yes,87.5
306,20,Female,6.0,1.6,1.3,No,92.5,8.1,Fair,5,Bachelor,Average,9,No,100.0
308,24,Male,1.7,3.3,1.3,No,94.7,5.8,Fair,6,Master,Good,6,Yes,61.5
309,22,Male,4.2,2.2,1.6,No,84.9,7.1,Fair,5,High School,Good,3,Yes,73.3
310,24,Other,5.3,3.8,1.7,No,79.0,7.1,Good,6,Master,Average,8,No,96.3
311,23,Female,2.6,5.3,1.7,Yes,69.4,7.3,Good,5,Bachelor,Average,10,No,67.0
312,20,Male,3.3,1.6,1.9,No,93.2,4.5,Good,6,Master,Average,4,No,70.1
313,23,Female,3.5,0.8,0.6,No,89.2,7.7,Good,0,High School,Good,4,No,84.2
314,19,Female,2.3,2.9,1.0,No,75.3,5.8,Good,2,Bachelor,Good,5,Yes,48.9
315,24,Female,4.5,3.4,0.4,No,79.6,6.1,Fair,5,High School,Poor,10,No,98.8
316,19,Female,3.3,2.2,2.9,Yes,80.3,9.7,Good,0,High School,Poor,9,No,76.1
317,17,Male,4.1,4.2,0.0,No,70.2,6.9,Good,1,High School,Average,8,Yes,80.4
318,23,Male,2.2,0.9,3.1,No,76.8,6.0,Fair,6,High School,Poor,7,No,64.1
319,22,Male,2.8,3.3,3.3,No,73.7,3.9,Good,4,Master,Average,5,Yes,59.4
321,21,Male,2.9,4.6,0.0,Yes,77.6,4.9,Good,3,Bachelor,Good,9,Yes,67.8
322,20,Male,6.1,4.9,1.4,No,68.7,5.3,Good,0,Bachelor,Good,10,No,96.1
323,18,Male,2.9,1.6,1.7,No,100.0,6.1,Good,0,Bachelor,Good,10,No,70.2
324,22,Female,3.8,1.8,0.7,No,97.5,8.2,Fair,5,Bachelor,Average,2,No,84.2
325,22,Female,4.9,3.5,1.2,No,77.2,7.4,Good,0,High School,Good,4,No,75.4
326,19,Male,1.4,2.0,3.5,No,87.7,6.3,Fair,1,Bachelor,Good,8,No,41.7
327,23,Male,0.9,2.4,2.5,No,89.2,6.9,Fair,0,High School,Poor,1,No,23.1
328,24,Female,1.2,2.5,0.8,Yes,96.9,5.8,Good,4,Master,Good,5,No,50.3
329,24,Male,5.4,0.2,0.0,No,76.8,6.7,Fair,4,Bachelor,Average,8,No,100.0
330,17,Male,2.7,2.5,1.4,No,95.9,6.6,Good,6,Master,Average,2,No,52.2
332,20,Male,2.7,1.9,2.3,No,71.6,7.7,Fair,3,High School,Poor,8,No,71.2
333,19,Male,3.8,4.2,1.2,No,92.2,7.1,Good,1,High School,Good,10,No,72.3
335,24,Male,6.5,3.5,3.9,No,100.0,7.4,Poor,5,High School,Average,7,Yes,100.0
336,21,Female,6.6,2.2,2.7,No,73.0,6.4,Good,2,Bachelor,Poor,8,Yes,100.0
337,19,Male,5.3,2.2,1.7,No,92.0,5.2,Fair,2,High School,Good,5,No,93.1
338,20,Female,5.0,3.4,1.6,Yes,80.9,6.0,Good,2,Bachelor,Average,1,Yes,67.7
339,20,Female,4.4,2.9,1.4,No,92.8,6.6,Fair,6,Master,Good,4,Yes,77.9
340,19,Male,4.7,3.2,3.1,Yes,70.3,7.6,Fair,5,Bachelor,Good,2,No,80.3
341,20,Female,2.7,3.7,1.1,No,72.4,6.3,Fair,0,High School,Average,3,No,44.3
342,19,Male,2.3,2.1,1.8,No,77.2,5.0,Fair,5,High School,Average,3,No,54.7
343,18,Other,3.5,1.8,1.9,No,85.8,6.6,Fair,0,High School,Good,9,No,85.0
344,19,Male,3.2,1.2,1.2,No,78.6,6.6,Fair,2,High School,Poor,10,Yes,81.7
345,23,Male,2.8,1.5,0.3,No,91.6,6.7,Fair,3,Bachelor,Poor,4,No,71.6
346,19,Male,4.5,6.0,2.2,Yes,95.3,7.6,Poor,3,High School,Good,2,Yes,73.7
347,20,Other,4.9,4.0,1.7,No,91.0,7.7,Fair,0,Master,Average,3,No,77.0
348,24,Female,3.6,0.9,2.4,No,100.0,5.8,Poor,2,Bachelor,Average,3,No,72.3
349,23,Female,5.7,0.9,1.2,No,89.2,5.8,Poor,5,Bachelor,Average,7,No,100.0
350,20,Male,1.8,3.1,3.1,No,72.8,5.3,Good,3,High School,Average,8,No,54.0
351,17,Female,3.2,3.2,0.8,No,98.6,7.3,Good,0,High School,Good,6,No,70.4
352,17,Male,2.4,3.2,3.7,No,78.9,8.2,Good,5,Bachelor,Good,4,Yes,47.0
353,24,Female,0.7,2.2,0.0,No,94.1,6.1,Fair,2,High School,Good,6,No,48.7
354,24,Male,3.4,2.3,2.3,No,100.0,6.2,Good,1,High School,Good,1,No,47.6
355,23,Male,3.3,2.9,2.3,Yes,89.6,8.3,Good,2,High School,Average,10,No,81.1
356,18,Male,5.8,2.6,0.9,Yes,70.0,7.1,Good,6,High School,Average,8,No,100.0
357,24,Male,4.4,0.0,2.3,No,75.8,7.0,Fair,2,Bachelor,Average,1,No,81.9
358,17,Female,2.0,2.2,3.2,No,98.2,5.1,Good,5,High School,Average,5,No,56.3
359,19,Male,6.3,1.5,0.0,No,83.3,7.3,Good,5,Bachelor,Good,2,Yes,100.0
360,20,Female,5.3,2.7,2.4,Yes,85.8,5.4,Good,4,High School,Good,6,No,81.0
361,17,Male,4.4,6.1,0.0,No,92.6,5.1,Poor,4,Bachelor,Average,9,Yes,84.9
362,17,Female,3.2,2.9,0.7,No,92.0,6.1,Fair,5,Master,Poor,5,No,67.9
363,18,Male,2.1,2.1,3.6,No,87.8,5.8,Fair,5,Master,Poor,4,No,56.9
364,23,Male,2.9,3.6,1.2,No,82.9,6.2,Fair,1,High School,Average,2,No,45.9
366,22,Male,6.3,3.0,1.6,No,93.6,7.7,Poor,2,High School,Average,6,Yes,94.8
367,18,Male,5.8,3.2,4.1,No,90.5,7.9,Poor,6,Bachelor,Good,8,No,99.3
368,19,Female,2.8,5.0,0.0,Yes,82.4,4.2,Fair,3,Bachelor,Good,8,No,71.0
369,23,Female,1.8,1.1,0.6,Yes,95.8,7.7,Poor,6,Bachelor,Average,5,No,70.9
370,20,Male,3.7,3.1,3.4,Yes,83.7,5.5,Fair,1,High School,Average,5,Yes,59.8
371,24,Male,0.8,1.4,3.8,Yes,76.5,7.5,Good,2,Bachelor,Average,10,No,36.0
372,18,Female,4.0,3.2,1.7,No,77.4,6.4,Fair,6,High School,Good,3,No,68.4
373,24,Male,3.3,1.4,0.4,No,75.2,6.5,Poor,0,Bachelor,Good,7,Yes,72.9
374,17,Male,2.8,2.0,4.1,Yes,82.3,6.3,Fair,4,High School,Good,6,No,57.3
375,20,Male,1.1,2.1,3.6,Yes,97.3,8.0,Fair,6,Bachelor,Average,1,Yes,50.3
377,17,Female,2.7,3.6,0.9,No,86.9,7.2,Good,2,High School,Poor,6,Yes,67.9
378,18,Male,1.7,1.0,1.7,No,78.4,7.8,Good,6,Bachelor,Good,6,No,63.6
379,17,Male,0.0,2.6,1.6,No,82.4,7.4,Good,5,High School,Average,3,No,32.9
380,24,Male,3.5,1.6,2.2,No,69.9,9.3,Good,0,Bachelor,Average,6,No,67.7
381,22,Female,6.2,1.0,3.4,No,82.8,5.9,Poor,4,Bachelor,Good,10,No,100.0
382,20,Male,6.0,2.2,2.8,Yes,83.1,7.6,Good,0,Bachelor,Average,6,No,96.8
383,21,Male,2.8,2.1,0.6,No,90.4,6.4,Good,2,High School,Poor,9,Yes,71.0
384,21,Female,2.6,5.4,3.3,No,87.2,8.0,Good,1,High School,Poor,9,No,59.8
385,24,Male,4.2,3.0,2.1,No,73.0,6.5,Poor,4,Bachelor,Poor,2,No,64.2
386,19,Female,2.0,0.8,2.6,No,95.8,6.0,Good,0,High School,Poor,4,No,45.2
387,23,Male,4.0,1.8,3.4,No,87.1,8.1,Good,1,Bachelor,Poor,9,Yes,82.9
388,17,Male,4.6,3.7,0.6,No,87.0,5.9,Good,3,High School,Average,4,Yes,73.2
389,17,Male,5.3,5.0,1.8,No,84.9,4.8,Poor,2,High School,Average,8,No,79.6
390,19,Female,3.3,0.6,1.2,Yes,79.8,5.9,Good,2,High School,Good,10,No,73.0
392,24,Female,2.2,4.7,2.2,No,89.8,8.2,Good,0,High School,Poor,3,No,45.2
393,24,Male,2.3,3.0,4.6,No,67.5,6.6,Fair,3,Bachelor,Average,9,No,51.8
394,19,Female,3.2,1.5,0.0,No,79.6,8.1,Good,5,Bachelor,Good,10,No,92.0
395,20,Male,4.1,3.1,1.8,No,82.5,4.9,Fair,4,High School,Good,8,No,77.8
396,24,Male,4.9,0.0,2.5,Yes,87.6,6.0,Fair,5,Master,Average,1,No,97.2
397,22,Female,2.3,2.5,1.9,Yes,96.9,6.2,Fair,4,Bachelor,Good,10,Yes,71.9
398,24,Male,5.7,2.9,1.7,No,77.3,6.4,Good,0,Master,Good,2,Yes,69.1
399,17,Male,3.1,3.6,0.4,No,80.0,6.6,Poor,3,Bachelor,Good,3,Yes,59.6
400,24,Male,3.5,1.3,2.1,No,79.9,7.3,Fair,0,Bachelor,Good,2,No,60.4
402,19,Male,0.0,1.4,0.0,No,81.5,6.7,Good,5,High School,Good,8,Yes,50.1
404,24,Male,4.6,1.4,2.9,Yes,74.5,5.4,Good,6,Bachelor,Average,7,Yes,85.6
405,20,Female,3.1,2.0,1.9,No,89.3,6.4,Good,2,High School,Good,10,Yes,65.4
406,22,Female,3.6,1.3,2.1,No,68.0,6.3,Poor,2,Bachelor,Good,10,Yes,82.4
407,24,Male,4.3,3.3,3.0,No,79.4,6.3,Fair,5,High School,Poor,6,Yes,67.3
408,20,Male,1.2,3.5,2.0,No,81.7,6.5,Poor,4,Bachelor,Good,1,No,34.3
409,22,Male,2.7,2.2,2.8,No,100.0,6.6,Fair,2,High School,Average,3,No,53.0
410,19,Female,4.7,2.5,1.5,No,82.3,6.0,Fair,6,High School,Average,1,No,78.0
411,24,Male,1.6,0.8,3.2,Yes,63.0,8.0,Good,3,High School,Good,10,No,58.2
412,22,Female,3.9,2.1,2.2,No,65.0,5.1,Good,2,High School,Average,9,No,73.7
413,17,Male,1.5,2.4,2.0,Yes,85.3,5.6,Poor,3,High School,Average,9,No,60.3
414,19,Female,4.2,5.6,0.4,No,91.1,9.8,Poor,0,Bachelor,Poor,5,Yes,78.7
416,21,Male,1.1,4.3,0.9,No,86.7,4.9,Fair,3,High School,Average,9,No,49.9
417,18,Female,5.2,3.7,1.1,No,96.6,7.4,Fair,2,Bachelor,Average,9,Yes,100.0
419,22,Male,2.3,4.6,0.6,No,93.9,6.2,Good,6,Master,Good,5,No,58.7
420,18,Female,3.8,2.9,4.1,Yes,68.7,9.1,Fair,4,Master,Good,3,No,70.8
422,22,Female,2.0,2.4,3.9,No,66.9,4.1,Fair,3,High School,Good,2,Yes,29.5
423,19,Female,3.6,4.0,0.5,No,82.3,4.7,Good,1,High School,Poor,1,No,53.2
424,24,Male,4.1,3.8,1.9,Yes,84.5,7.6,Fair,1,Bachelor,Poor,10,No,73.0
425,21,Male,4.5,1.7,0.4,No,86.1,7.8,Poor,4,Bachelor,Poor,2,Yes,71.1
426,17,Male,3.8,0.9,1.0,No,85.6,5.9,Good,5,Bachelor,Good,8,No,80.9
427,20,Female,2.9,2.3,0.8,Yes,75.7,7.3,Fair,5,Bachelor,Good,8,No,75.1
428,17,Female,2.3,1.5,3.2,No,83.1,8.2,Good,1,High School,Average,3,No,52.4
429,20,Male,3.6,2.4,1.4,No,70.0,8.6,Fair,2,Bachelor,Average,7,No,67.6
430,17,Male,1.9,4.0,3.0,No,98.6,6.2,Poor,0,Bachelor,Average,7,Yes,35.7
431,22,Female,0.0,2.0,2.5,No,82.0,3.7,Poor,4,Bachelor,Average,2,No,29.9
432,21,Other,4.2,2.4,4.3,No,80.1,5.5,Fair,0,Master,Good,9,No,70.7
433,24,Female,4.9,2.6,0.2,No,100.0,6.0,Good,1,Bachelor,Average,3,Yes,89.3
434,20,Male,0.0,3.5,3.2,No,72.6,6.2,Fair,3,High School,Good,2,No,26.2
435,24,Male,2.0,0.0,3.1,No,73.7,6.3,Good,6,High School,Average,3,Yes,58.3
436,24,Male,4.4,1.8,0.7,No,74.0,7.8,Good,4,High School,Good,2,Yes,78.4
438,23,Male,3.5,3.9,2.2,No,89.3,6.3,Fair,2,Master,Average,5,Yes,66.8
439,19,Female,2.4,1.9,1.5,No,92.4,7.8,Good,6,High School,Good,3,No,63.8
440,17,Male,3.2,0.2,0.9,No,100.0,6.9,Fair,4,Bachelor,Good,5,No,76.1
441,24,Female,5.6,3.2,1.0,No,62.5,6.6,Fair,4,Bachelor,Average,8,No,82.7
443,24,Female,2.3,1.1,1.8,Yes,79.4,6.6,Fair,3,Master,Good,6,No,66.8
444,20,Male,2.8,1.8,2.7,No,79.1,9.0,Poor,4,Master,Average,1,Yes,64.9
445,19,Male,2.1,2.3,0.9,No,78.8,4.8,Good,3,Bachelor,Poor,10,No,63.1
446,19,Male,3.7,1.8,0.9,Yes,75.9,5.9,Fair,1,High School,Average,1,No,56.3
447,22,Female,5.9,0.0,3.0,No,100.0,6.3,Fair,2,High School,Good,1,Yes,93.6
448,23,Female,4.0,3.6,0.3,No,93.4,7.0,Good,6,High School,Good,10,Yes,91.9
449,22,Female,3.1,4.0,1.3,No,85.2,8.0,Fair,6,High School,Good,8,Yes,74.0
450,22,Female,3.1,3.3,1.8,No,98.5,6.5,Fair,2,Bachelor,Average,8,No,62.7
451,22,Female,1.2,1.1,1.9,No,69.9,4.8,Poor,4,Master,Poor,7,No,58.6
452,22,Male,4.8,2.3,1.6,Yes,71.7,7.5,Good,4,Bachelor,Good,6,No,89.3
453,22,Female,3.4,2.5,2.2,No,63.2,7.4,Poor,1,Master,Good,4,No,63.4
454,21,Male,3.2,3.2,2.6,Yes,78.0,4.2,Fair,5,Bachelor,Poor,1,No,46.7
455,19,Male,8.3,3.3,2.6,Yes,86.6,6.5,Fair,5,High School,Average,9,No,100.0
456,22,Female,3.9,1.6,0.7,Yes,86.0,4.6,Good,5,Master,Poor,1,No,68.7
457,24,Male,2.4,2.6,1.5,No,86.5,5.7,Good,3,High School,Good,4,No,58.9
458,19,Male,2.9,3.0,3.1,No,70.9,5.4,Good,5,Master,Good,3,No,59.0
459,19,Female,5.2,4.2,2.8,Yes,93.0,7.5,Poor,2,High School,Good,7,No,77.9
460,18,Male,3.7,3.3,0.3,Yes,87.4,6.6,Fair,6,High School,Good,5,No,72.3
461,21,Female,1.3,3.4,2.2,No,92.3,5.0,Fair,6,Master,Poor,5,No,49.7
462,22,Male,4.9,2.6,0.0,Yes,66.1,7.6,Poor,3,Bachelor,Good,4,No,80.9
463,17,Male,2.5,4.2,1.9,Yes,88.1,4.8,Fair,1,Master,Good,1,No,44.5
464,20,Male,6.3,3.0,3.9,Yes,73.1,6.9,Fair,2,Master,Average,5,No,85.3
466,24,Female,2.8,4.2,0.9,No,90.3,6.1,Good,2,Bachelor,Average,10,No,59.7
467,17,Male,5.4,3.3,2.6,No,85.9,7.1,Fair,6,High School,Good,8,No,98.1
468,21,Female,3.6,2.0,0.1,No,76.5,7.1,Good,0,Bachelor,Good,2,Yes,66.8
469,20,Male,4.8,1.9,1.1,No,85.1,8.1,Fair,1,Bachelor,Good,8,Yes,96.1
470,21,Female,4.2,2.9,2.5,No,69.7,6.4,Fair,1,High School,Good,1,No,60.4
471,24,Female,2.2,3.1,1.1,No,96.5,6.9,Fair,0,Bachelor,Poor,4,No,33.8
472,19,Female,2.5,2.7,1.5,No,82.9,6.0,Poor,3,Bachelor,Average,3,No,56.1
473,20,Male,5.0,2.9,2.6,No,96.2,6.7,Poor,6,High School,Average,5,No,80.6
474,19,Male,3.0,4.5,2.3,Yes,79.7,7.0,Fair,6,Bachelor,Good,5,No,52.6
475,24,Male,2.9,3.8,2.1,No,79.8,6.4,Good,6,Bachelor,Good,5,Yes,52.1
476,17,Female,2.1,2.7,1.4,No,77.4,4.3,Good,5,Master,Good,4,Yes,39.9
477,24,Male,4.1,3.6,2.2,No,93.8,6.9,Poor,5,High School,Poor,8,No,84.0
478,17,Female,6.6,1.3,1.7,No,77.9,6.9,Good,5,High School,Good,3,Yes,97.7
479,20,Female,1.9,3.0,2.3,No,91.4,5.7,Good,5,Bachelor,Good,4,No,43.3
481,22,Female,5.6,2.2,1.6,No,65.2,8.3,Good,0,Master,Poor,7,No,84.6
483,22,Male,4.2,1.7,1.8,No,73.2,6.2,Fair,3,Bachelor,Poor,2,No,76.0
484,21,Female,1.9,1.2,0.9,No,85.3,5.1,Fair,2,Bachelor,Good,7,Yes,56.9
485,22,Female,4.1,1.6,0.6,No,73.1,5.5,Fair,5,High School,Good,1,No,77.5
487,20,Male,5.0,0.8,2.0,No,84.1,6.7,Fair,6,Bachelor,Average,6,Yes,94.6
488,17,Male,5.3,2.5,2.7,Yes,83.2,5.8,Good,3,Bachelor,Average,6,Yes,93.4
489,21,Female,7.4,3.6,1.3,No,91.6,7.1,Good,3,High School,Good,6,Yes,100.0
490,24,Female,4.4,1.4,2.2,No,94.6,5.5,Good,3,Master,Good,2,Yes,63.6
491,21,Female,4.0,4.3,2.4,No,84.8,8.3,Good,0,High School,Good,2,No,53.0
492,17,Male,3.8,3.1,2.3,No,77.3,8.1,Good,2,High School,Good,6,No,67.8
493,22,Female,3.0,3.7,0.9,No,67.3,5.9,Poor,5,Bachelor,Average,10,No,73.9
494,21,Male,4.0,1.7,2.0,No,78.1,5.7,Fair,3,High School,Good,5,No,66.5
495,23,Male,3.1,3.5,2.2,No,78.8,3.4,Fair,0,Master,Good,7,No,49.9
496,19,Female,3.8,1.2,1.8,No,86.1,4.7,Good,6,High School,Average,7,No,73.9
498,17,Female,2.0,2.7,2.0,No,91.9,6.7,Good,6,High School,Average,8,No,71.7
499,20,Male,5.2,3.2,4.2,Yes,78.9,6.1,Poor,0,Bachelor,Poor,10,No,83.3
500,23,Male,5.5,1.1,1.4,No,84.4,4.9,Fair,0,Bachelor,Good,6,No,84.5
501,21,Female,3.3,1.4,1.0,No,96.8,6.2,Good,0,Bachelor,Poor,5,No,74.9
503,24,Female,2.6,1.4,2.1,Yes,84.4,7.1,Fair,0,High School,Average,7,No,63.0
504,23,Female,5.4,3.1,3.1,No,79.0,4.2,Fair,1,Bachelor,Good,4,No,77.9
506,24,Female,2.0,3.5,2.6,No,76.5,4.8,Good,6,Master,Good,5,No,53.2
508,24,Male,4.8,3.2,1.6,No,92.6,7.4,Fair,4,Bachelor,Poor,1,Yes,76.6
509,18,Female,4.3,3.3,2.2,No,82.8,5.4,Poor,6,High School,Average,3,No,64.6
510,17,Male,3.1,1.7,2.9,Yes,71.5,5.6,Good,0,Bachelor,Average,3,Yes,51.1
511,18,Other,2.9,3.2,2.8,No,100.0,5.9,Fair,5,High School,Average,2,No,63.0
513,22,Male,2.1,1.9,2.7,Yes,70.9,6.9,Good,3,High School,Good,6,No,62.5
514,18,Female,5.9,1.3,1.7,No,80.6,6.2,Fair,5,High School,Good,1,Yes,87.1
515,19,Female,3.0,0.1,1.9,No,86.1,7.7,Good,6,High School,Poor,6,Yes,82.5
516,24,Male,5.3,2.9,1.9,No,100.0,5.2,Good,3,Bachelor,Poor,5,Yes,80.9
517,22,Female,5.8,0.6,1.6,No,73.9,5.8,Fair,6,Bachelor,Good,6,No,100.0
518,24,Female,5.0,2.6,3.1,No,94.8,4.7,Poor,0,Bachelor,Good,5,No,79.6
519,18,Male,2.9,2.2,1.7,Yes,99.0,5.3,Good,2,Bachelor,Average,7,No,71.2
520,24,Female,4.1,3.3,0.6,Yes,78.7,5.1,Good,2,Bachelor,Good,1,No,62.7
521,23,Male,3.5,2.1,1.4,No,82.2,7.7,Fair,1,High School,Good,3,No,64.2
522,22,Female,2.1,2.1,2.0,No,74.6,5.7,Fair,0,High School,Good,6,Yes,44.1
523,23,Other,4.0,3.4,3.2,No,83.0,6.6,Good,5,High School,Average,1,No,61.7
524,18,Female,1.7,2.9,2.5,No,84.6,6.0,Good,0,Bachelor,Average,7,Yes,39.9
525,23,Male,5.3,2.9,0.9,No,91.6,5.0,Good,4,High School,Poor,4,No,84.1
527,18,Female,3.8,0.7,2.1,No,77.5,7.2,Good,5,Bachelor,Good,10,No,81.8
528,18,Male,3.9,3.4,3.2,No,65.3,5.1,Fair,6,High School,Average,9,Yes,77.0
529,18,Female,3.1,3.2,1.6,No,84.8,7.5,Fair,6,Master,Good,1,No,65.7
530,17,Male,4.4,1.3,2.4,No,87.9,5.5,Good,2,Master,Good,8,Yes,80.9
532,17,Male,4.8,2.5,3.1,Yes,81.7,7.1,Fair,5,High School,Good,5,Yes,83.0
533,17,Male,1.5,2.3,3.0,No,86.2,5.7,Fair,1,High School,Good,10,No,54.2
534,19,Male,3.7,2.9,2.8,No,100.0,6.5,Good,6,Bachelor,Average,8,No,82.5
535,22,Female,6.4,4.2,1.5,Yes,88.8,6.1,Fair,0,High School,Good,6,No,85.0
536,24,Male,2.0,3.8,1.2,No,81.3,6.7,Good,1,Bachelor,Good,7,Yes,40.4
537,23,Female,2.5,0.9,2.2,Yes,80.0,3.6,Good,5,Bachelor,Average,8,No,58.9
538,21,Male,4.3,3.2,2.8,No,83.3,4.3,Poor,2,High School,Poor,6,No,67.5
540,23,Female,4.0,3.0,3.0,No,83.2,7.7,Good,3,Bachelor,Average,6,Yes,74.7
541,18,Female,4.2,3.8,3.4,Yes,84.8,5.4,Good,2,High School,Good,5,No,67.4
542,19,Male,4.5,4.9,0.8,No,80.2,6.2,Good,1,Bachelor,Poor,8,No,72.2
543,18,Female,5.2,3.7,0.9,No,96.0,6.9,Good,0,High School,Poor,2,No,77.1
544,17,Female,4.1,2.8,1.6,No,100.0,7.3,Poor,6,Bachelor,Average,7,No,87.9
545,24,Female,3.1,3.8,2.1,No,89.5,4.1,Fair,5,Master,Average,4,Yes,54.1
546,21,Male,4.5,2.7,1.2,Yes,85.8,5.4,Good,2,Master,Good,1,Yes,62.9
547,20,Male,6.3,2.5,3.3,No,85.4,6.1,Fair,6,High School,Good,5,No,95.6
548,18,Female,3.3,2.1,2.3,No,61.2,7.3,Poor,6,High School,Poor,3,No,67.1
549,23,Male,2.0,4.4,1.8,No,92.5,9.5,Good,4,Bachelor,Average,4,No,51.5
550,17,Female,5.2,1.5,0.2,Yes,86.3,6.2,Good,5,High School,Average,7,No,97.9
551,20,Female,3.3,4.3,0.4,Yes,89.3,4.8,Poor,1,High School,Average,5,No,67.0
552,21,Female,0.2,3.1,2.1,Yes,77.9,7.0,Good,5,Master,Good,4,Yes,31.5
553,20,Female,4.8,0.8,0.0,No,81.2,8.1,Good,5,High School,Average,1,No,88.0
556,24,Female,4.0,3.3,5.4,No,81.2,7.6,Fair,6,Bachelor,Poor,6,No,79.0
557,22,Male,3.8,3.6,4.3,No,100.0,7.3,Poor,1,Bachelor,Poor,7,Yes,69.9
558,24,Male,4.6,1.8,1.6,No,89.3,5.3,Fair,0,High School,Average,1,Yes,60.1
559,22,Female,2.8,2.6,1.7,No,72.2,7.0,Fair,6,High School,Good,4,No,70.3
560,20,Female,4.3,4.8,2.9,Yes,83.7,7.7,Fair,3,High School,Good,9,No,79.8
561,19,Other,3.1,1.9,3.7,No,78.5,7.9,Good,0,Bachelor,Good,10,Yes,66.6
563,23,Male,4.4,4.3,0.0,Yes,100.0,6.1,Fair,3,Master,Average,2,No,70.1
564,20,Male,2.1,4.9,1.1,No,92.0,8.0,Good,3,High School,Average,4,No,61.5
565,18,Female,5.1,2.5,2.4,No,90.3,5.0,Poor,0,Master,Good,6,No,79.3
566,18,Male,2.7,3.7,2.3,No,86.7,7.0,Poor,5,High School,Good,4,Yes,63.9
567,24,Male,4.7,4.1,3.0,No,71.2,4.9,Good,3,Bachelor,Poor,10,Yes,93.1
568,23,Male,4.1,1.6,0.5,No,80.2,7.8,Poor,5,High School,Poor,7,Yes,89.8
570,22,Male,3.2,4.0,2.7,No,74.5,8.0,Good,6,Master,Good,6,Yes,61.8
571,19,Male,3.0,4.5,0.9,No,59.7,7.1,Fair,1,Master,Good,4,Yes,51.5
572,17,Male,3.5,3.2,0.0,No,82.7,5.0,Good,4,High School,Good,3,No,60.4
573,18,Male,3.0,1.4,2.0,No,83.6,8.2,Fair,5,Bachelor,Good,3,No,67.2
574,23,Other,4.7,4.9,2.7,No,86.4,8.4,Poor,6,Bachelor,Average,2,No,89.6
575,22,Male,1.1,1.9,1.7,No,92.3,7.6,Fair,4,Master,Good,3,Yes,48.3
576,21,Male,1.9,2.1,1.3,No,91.4,5.6,Fair,3,High School,Good,10,No,61.7
577,22,Female,1.9,2.9,1.6,Yes,87.6,6.1,Fair,4,Bachelor,Good,1,Yes,44.4
578,18,Male,4.9,4.4,1.4,Yes,97.0,6.7,Fair,4,High School,Average,3,No,77.2
579,18,Female,6.1,3.5,0.3,Yes,69.8,5.7,Good,3,High School,Average,9,Yes,100.0
580,22,Female,3.3,3.0,1.0,No,90.0,8.5,Good,5,Master,Average,4,No,73.0
581,17,Male,3.2,3.1,2.4,No,91.3,6.7,Fair,3,High School,Average,3,No,68.5
582,20,Male,3.6,2.6,2.2,No,72.6,3.3,Fair,1,High School,Good,8,No,61.0
583,18,Female,5.2,3.2,2.0,No,70.0,6.9,Fair,2,Bachelor,Poor,1,Yes,70.5
584,22,Female,2.1,0.0,0.7,No,77.5,6.1,Good,0,Bachelor,Average,5,No,52.5
585,23,Male,3.9,2.1,1.6,No,78.4,6.4,Good,3,High School,Good,1,No,62.8
586,22,Female,5.0,2.8,0.0,Yes,92.5,6.1,Fair,3,High School,Poor,7,Yes,83.5
587,19,Male,4.3,1.1,2.0,No,78.9,7.5,Good,4,Master,Average,5,No,71.4
588,20,Other,3.8,3.0,3.4,No,76.4,7.8,Fair,1,High School,Average,2,No,61.5
589,21,Male,5.0,2.3,0.2,No,78.9,6.8,Poor,6,Bachelor,Good,1,No,75.4
590,17,Female,0.0,4.6,1.2,No,96.2,6.1,Poor,6,Bachelor,Average,7,No,42.0
591,24,Female,4.5,4.4,2.2,No,85.1,6.5,Fair,4,High School,Good,1,No,64.0
592,21,Female,2.5,1.9,3.2,Yes,83.2,6.5,Fair,5,Master,Average,3,No,60.1
593,20,Female,0.8,2.3,1.3,Yes,83.9,5.5,Poor,3,Bachelor,Good,6,No,34.7
594,20,Male,4.3,2.4,1.0,Yes,97.9,7.2,Good,3,High School,Average,6,No,88.0
595,20,Male,5.6,2.0,0.0,No,77.5,7.1,Fair,4,Bachelor,Average,7,No,100.0
596,21,Male,3.3,2.7,1.9,No,98.2,8.3,Fair,3,Bachelor,Poor,1,No,66.1
597,23,Male,4.9,1.6,4.0,No,87.1,8.0,Fair,5,Bachelor,Poor,7,No,95.5
598,20,Female,5.9,1.1,2.1,Yes,83.4,5.7,Poor,2,Master,Average,2,Yes,86.4
599,22,Male,5.5,3.2,1.8,No,100.0,7.5,Fair,0,High School,Poor,6,No,77.3
600,21,Male,6.0,3.3,2.2,No,74.4,5.4,Fair,0,High School,Average,8,Yes,90.2
601,24,Other,4.6,1.5,1.8,No,81.5,7.3,Fair,0,High School,Good,5,Yes,80.2
604,23,Other,3.1,2.8,2.0,No,100.0,6.8,Poor,4,Master,Good,8,Yes,72.8
605,19,Male,2.2,3.5,1.8,No,100.0,3.3,Good,6,Bachelor,Good,8,No,67.6
606,23,Male,6.8,2.5,0.7,No,97.2,4.4,Good,1,Bachelor,Poor,4,No,93.1
607,24,Female,3.2,3.0,3.2,No,83.0,6.3,Poor,3,Bachelor,Average,8,Yes,57.5
608,20,Female,3.7,1.9,2.5,No,81.3,6.6,Fair,2,Bachelor,Good,5,Yes,61.1
609,24,Male,4.3,2.3,1.2,No,68.3,6.1,Poor,5,High School,Poor,5,No,77.4
610,21,Female,3.6,2.3,2.9,No,100.0,4.6,Fair,2,Master,Good,3,No,69.6
611,18,Male,6.0,1.6,1.3,No,89.7,5.5,Fair,6,High School,Poor,7,No,100.0
612,20,Male,2.6,2.3,0.9,No,80.1,7.0,Fair,0,Master,Good,9,No,69.3
613,18,Female,3.8,0.6,1.0,No,98.3,7.2,Fair,3,Bachelor,Average,9,No,85.7
614,22,Female,2.4,1.9,0.0,No,75.3,6.5,Good,6,High School,Good,1,No,53.9
615,19,Female,1.5,2.2,2.3,No,89.1,7.9,Fair,0,Bachelor,Average,1,No,43.7
616,17,Male,2.6,2.2,0.0,No,83.3,7.0,Fair,1,Bachelor,Good,10,No,79.3
617,24,Female,3.4,2.2,0.4,No,91.4,5.6,Fair,5,High School,Poor,5,No,71.3
618,23,Male,2.9,2.4,0.0,No,84.4,6.2,Good,0,Bachelor,Average,1,Yes,61.4
619,19,Male,2.5,3.1,1.7,No,70.5,4.8,Good,1,High School,Good,4,No,45.1
621,18,Female,3.4,1.7,1.4,No,95.5,7.8,Good,0,Master,Good,2,No,70.7
622,23,Female,1.2,1.1,0.7,No,84.7,7.3,Fair,0,Bachelor,Average,2,Yes,35.6
623,18,Female,4.6,1.2,0.5,No,92.8,8.2,Good,4,Master,Good,4,No,93.0
624,21,Female,3.6,1.9,2.3,No,74.5,6.1,Good,5,Bachelor,Average,8,Yes,83.2
625,18,Female,1.3,2.1,1.2,No,84.7,8.1,Poor,5,High School,Good,2,Yes,46.6
626,21,Male,3.0,1.6,2.1,No,78.8,6.3,Good,6,Bachelor,Good,9,Yes,70.8
627,22,Male,2.4,0.9,0.8,No,92.5,8.3,Fair,2,Bachelor,Average,9,No,78.3
628,23,Male,4.0,2.0,2.0,No,85.3,6.5,Fair,4,Master,Good,2,Yes,70.7
629,23,Male,5.5,2.7,3.2,Yes,91.9,7.3,Fair,6,High School,Good,1,No,82.6
630,17,Female,0.7,3.2,2.4,No,95.9,8.3,Good,1,Master,Average,10,Yes,50.3
631,20,Female,3.7,1.8,1.3,No,91.9,6.3,Fair,6,Master,Good,10,No,80.9
632,21,Male,3.3,2.0,2.1,No,87.7,6.8,Poor,1,Bachelor,Poor,9,Yes,75.4
633,17,Male,4.5,1.4,1.5,No,75.0,8.0,Good,2,Master,Good,2,Yes,83.7
634,18,Female,3.8,2.5,1.8,No,85.0,6.3,Poor,5,High School,Average,8,No,76.8
635,18,Male,2.4,1.5,1.4,No,79.7,4.9,Poor,1,Master,Poor,3,No,45.8
636,17,Female,3.0,3.2,1.6,No,81.6,9.1,Fair,2,Bachelor,Average,1,Yes,58.4
638,18,Female,5.1,2.1,0.7,Yes,75.2,6.7,Fair,1,Master,Good,10,Yes,99.4
639,24,Female,3.5,2.9,0.7,No,65.4,7.9,Poor,3,High School,Good,2,No,62.9
640,22,Female,6.4,2.7,0.3,Yes,78.3,5.8,Good,0,High School,Average,7,No,98.0
641,22,Male,3.4,5.7,0.0,No,86.9,5.3,Good,6,Bachelor,Poor,6,No,74.7
642,24,Female,2.4,2.9,0.5,No,71.5,6.8,Fair,5,High School,Good,2,Yes,50.4
643,17,Female,1.2,1.3,2.0,No,85.2,4.3,Fair,6,High School,Good,4,No,49.4
644,24,Male,0.8,2.4,0.8,No,100.0,6.2,Fair,3,Bachelor,Average,2,Yes,35.3
646,21,Female,3.9,2.4,1.8,No,100.0,6.2,Poor,2,High School,Average,3,No,68.4
648,24,Female,1.1,3.6,2.5,No,96.7,8.4,Good,3,High School,Good,10,Yes,54.6
649,21,Female,4.8,1.8,2.7,No,77.8,6.6,Fair,6,Bachelor,Average,5,No,88.0
650,23,Female,2.8,2.4,0.7,No,78.6,8.2,Fair,0,Bachelor,Good,5,No,61.5
651,24,Female,3.7,1.7,2.3,Yes,57.6,6.2,Good,0,Master,Average,7,No,75.7
652,23,Female,5.9,4.6,0.9,No,96.9,5.4,Good,4,Bachelor,Average,10,No,100.0
653,21,Female,4.8,2.1,1.9,No,100.0,6.8,Fair,1,High School,Good,8,No,82.6
654,22,Female,3.1,4.7,0.4,No,79.5,6.2,Good,4,Master,Good,9,No,71.5
655,21,Female,2.2,3.5,0.0,No,82.5,5.1,Poor,0,Bachelor,Average,7,No,57.6
656,23,Male,0.3,3.1,1.4,Yes,77.5,8.3,Good,3,Bachelor,Good,5,No,36.1
657,19,Female,2.4,2.9,1.7,No,88.8,5.8,Fair,1,Bachelor,Average,9,Yes,67.4
658,20,Female,3.2,3.0,1.4,Yes,96.2,4.3,Good,3,Master,Good,8,No,74.8
659,18,Male,2.0,0.2,0.5,No,67.6,8.1,Good,4,Bachelor,Average,10,Yes,73.6
660,24,Female,3.3,2.2,1.4,No,89.1,5.9,Good,2,High School,Good,9,Yes,79.5
661,19,Male,3.6,3.5,2.1,No,82.2,5.8,Good,3,Bachelor,Poor,10,No,62.5
663,22,Female,2.5,0.8,2.0,No,89.6,8.6,Fair,4,High School,Good,6,No,75.6
664,17,Male,3.8,2.4,1.1,No,83.1,5.0,Fair,4,High School,Good,4,No,64.4
665,21,Female,4.2,4.5,3.1,No,84.0,6.6,Good,2,High School,Average,9,No,75.3
667,20,Female,5.6,2.4,2.3,No,94.7,7.0,Fair,6,High School,Average,10,Yes,100.0
668,21,Male,3.4,3.6,3.1,No,89.2,6.4,Good,2,Bachelor,Good,10,No,76.4
669,23,Male,3.5,2.1,2.3,No,87.2,4.5,Good,1,Bachelor,Good,9,No,69.9
670,17,Female,4.6,0.5,1.6,No,72.3,5.5,Good,2,Master,Good,10,Yes,88.9
671,22,Other,3.8,1.4,1.2,No,81.2,6.7,Good,2,High School,Average,3,Yes,70.4
672,22,Female,4.9,4.4,2.9,No,94.0,5.6,Fair,2,Bachelor,Good,3,No,69.4
673,22,Male,3.9,2.2,0.2,No,85.4,6.7,Poor,3,Master,Average,6,Yes,84.9
674,20,Female,2.6,2.2,0.7,No,91.6,7.3,Poor,2,High School,Poor,6,No,63.6
675,21,Female,4.0,2.1,1.4,No,100.0,7.7,Fair,1,Bachelor,Good,6,No,82.2
676,20,Female,1.8,4.8,3.2,No,95.4,5.0,Good,4,Bachelor,Good,5,No,37.4
678,18,Female,3.5,5.2,0.7,Yes,79.9,7.4,Good,0,Master,Good,2,Yes,53.4
679,18,Female,3.2,2.3,1.5,No,59.5,6.5,Good,2,Bachelor,Good,7,No,64.2
683,20,Female,3.6,1.1,0.3,Yes,83.5,6.2,Fair,4,High School,Good,4,No,77.2
684,17,Male,3.7,2.8,3.6,No,81.8,3.6,Fair,3,Bachelor,Good,4,Yes,59.8
685,22,Female,2.0,1.2,2.7,No,67.2,6.7,Poor,6,Bachelor,Average,8,No,55.4
686,22,Female,5.4,1.8,3.0,Yes,75.6,6.9,Fair,0,High School,Average,1,No,69.9
687,21,Male,2.2,1.5,1.3,Yes,89.8,6.5,Poor,5,Master,Average,9,No,71.6
688,23,Male,5.0,1.8,1.6,No,100.0,5.7,Good,6,High School,Poor,7,No,92.9
690,18,Male,2.5,1.8,1.2,Yes,88.3,6.9,Fair,1,High School,Average,6,No,70.5
691,22,Female,6.2,3.5,2.3,No,94.5,8.2,Fair,5,Bachelor,Good,8,No,100.0
692,21,Male,1.7,1.2,3.2,No,76.9,5.8,Good,4,High School,Average,5,Yes,37.4
693,20,Female,4.9,2.8,0.6,No,88.7,7.0,Fair,5,High School,Average,6,No,88.7
694,18,Male,5.0,4.0,1.4,No,77.6,4.6,Fair,6,High School,Poor,10,No,88.6
695,20,Female,2.5,1.9,1.6,No,93.6,7.0,Good,4,Bachelor,Good,8,No,68.5
696,23,Other,5.6,1.6,0.3,No,86.5,6.0,Fair,5,Master,Good,6,No,100.0
697,18,Other,3.1,2.2,2.5,No,88.0,5.6,Good,4,High School,Good,9,No,66.9
698,18,Female,3.9,3.9,1.0,No,77.2,5.6,Fair,4,High School,Poor,9,No,71.5
699,19,Male,3.9,2.7,1.6,No,92.1,6.0,Fair,3,Bachelor,Average,9,No,77.8
700,18,Female,3.3,1.9,1.3,No,100.0,7.0,Poor,0,Bachelor,Poor,6,Yes,67.7
701,24,Male,4.7,3.1,0.9,No,74.9,4.9,Good,4,High School,Average,9,Yes,96.4
702,17,Male,4.7,1.2,1.8,No,81.6,6.0,Fair,1,Master,Good,3,No,83.1
703,24,Male,0.9,3.3,1.6,Yes,87.3,6.5,Poor,6,Bachelor,Good,5,No,37.9
704,21,Female,5.5,3.0,1.4,No,92.9,5.2,Fair,6,High School,Good,2,Yes,76.3
705,21,Female,1.0,2.1,1.0,No,79.4,8.7,Fair,1,Bachelor,Average,8,Yes,52.6
706,20,Female,5.0,1.5,2.2,No,56.7,5.5,Poor,2,Master,Average,4,No,83.6
707,24,Male,5.2,1.4,3.6,No,98.6,5.7,Good,4,Bachelor,Average,6,No,92.0
709,24,Other,2.9,4.0,2.9,No,67.6,8.7,Poor,4,High School,Good,5,Yes,56.4
710,23,Male,1.8,1.7,0.3,No,78.9,7.2,Fair,5,High School,Good,1,No,58.1
711,18,Male,3.2,3.1,2.0,No,100.0,5.4,Good,4,High School,Average,7,No,70.9
712,17,Male,3.0,0.0,0.6,Yes,99.5,7.8,Fair,4,Bachelor,Average,10,No,98.7
713,20,Female,4.7,1.8,0.2,Yes,94.4,6.7,Fair,1,Bachelor,Good,8,No,83.3
714,24,Female,5.5,2.5,1.0,No,83.2,6.8,Fair,0,Bachelor,Good,1,Yes,80.6
715,24,Male,5.6,1.4,3.1,No,85.8,6.1,Good,0,Master,Good,10,No,91.3
716,19,Male,2.7,1.4,2.8,No,83.7,5.6,Good,2,High School,Average,7,Yes,63.5
717,20,Female,3.2,1.7,2.1,Yes,96.3,6.9,Good,1,Master,Average,4,Yes,66.3
718,24,Female,1.0,2.9,0.1,No,76.2,5.8,Poor,4,Bachelor,Good,6,No,49.9
719,20,Male,2.3,2.3,1.6,Yes,76.9,8.7,Fair,0,High School,Good,9,No,68.9
720,18,Female,4.9,0.0,2.1,Yes,95.1,5.0,Good,3,Bachelor,Average,5,No,94.2
721,19,Male,5.9,0.0,2.0,Yes,84.6,8.3,Poor,3,High School,Good,8,No,100.0
722,20,Male,1.6,1.8,0.0,No,98.8,6.4,Good,3,Bachelor,Good,5,No,58.6
723,17,Female,2.6,3.0,0.8,No,78.3,6.9,Good,4,Bachelor,Average,2,No,53.2
724,17,Male,3.5,0.0,1.7,No,84.5,7.5,Poor,4,High School,Average,4,Yes,70.5
725,21,Female,3.9,1.9,2.4,No,75.8,5.7,Good,2,Bachelor,Average,2,No,64.0
726,19,Male,2.3,1.9,0.0,Yes,85.1,7.5,Fair,6,Bachelor,Poor,7,Yes,77.4
727,19,Male,4.1,4.2,1.6,No,70.2,3.3,Good,2,High School,Good,7,No,57.4
729,20,Male,3.5,3.0,2.7,No,70.6,5.4,Fair,5,High School,Good,7,No,66.7
730,19,Female,4.3,2.7,2.6,Yes,91.9,5.0,Good,3,Bachelor,Good,1,No,58.4
731,17,Male,3.5,0.0,2.4,No,92.2,6.2,Good,4,Master,Poor,1,No,63.6
732,17,Male,2.8,3.4,0.9,No,67.7,7.0,Poor,3,Master,Average,9,No,62.6
733,24,Male,3.3,2.8,0.0,No,98.3,7.3,Fair,2,Bachelor,Good,6,No,70.6
734,18,Female,3.4,3.1,1.4,No,100.0,6.8,Poor,4,Bachelor,Good,5,No,75.2
735,19,Male,2.9,7.2,2.9,Yes,85.5,5.7,Fair,1,High School,Good,6,No,50.1
736,20,Female,3.1,0.0,3.3,No,78.6,6.9,Fair,0,Bachelor,Average,6,No,72.8
737,21,Male,5.9,4.6,2.6,Yes,100.0,6.6,Fair,0,High School,Average,1,Yes,72.7
738,21,Other,4.3,2.2,2.3,No,71.8,7.6,Fair,2,High School,Good,5,Yes,76.0
739,20,Male,3.1,2.8,2.2,No,85.2,7.4,Poor,6,Bachelor,Good,9,Yes,74.1
741,22,Female,3.0,2.0,1.7,No,98.5,5.4,Poor,1,Bachelor,Good,3,No,51.3
742,18,Female,5.3,1.8,3.6,No,88.6,5.7,Fair,4,Bachelor,Average,1,Yes,71.0
743,21,Female,4.1,2.9,0.8,Yes,80.0,5.8,Good,6,High School,Good,2,Yes,76.4
744,19,Female,3.3,0.7,3.6,No,75.5,6.1,Poor,3,High School,Good,3,Yes,52.6
745,18,Female,4.2,3.4,1.4,No,81.6,6.8,Good,2,Master,Average,4,No,74.0
746,19,Male,1.1,2.0,3.3,No,74.9,7.4,Good,3,Bachelor,Good,7,No,42.6
747,23,Male,1.8,1.1,0.3,No,85.5,6.4,Good,2,High School,Average,6,No,49.8
748,17,Female,1.7,2.0,2.4,No,79.4,6.5,Good,5,High School,Average,8,No,45.7
749,18,Female,3.7,4.0,1.0,No,70.1,6.7,Good,0,Bachelor,Poor,9,Yes,77.2
750,24,Female,6.1,1.9,0.2,No,97.6,5.9,Poor,6,Bachelor,Poor,6,No,98.5
751,21,Female,6.8,2.9,2.0,No,80.0,5.4,Fair,0,High School,Average,7,No,96.2
752,18,Male,4.5,1.6,2.9,Yes,72.3,4.4,Good,3,High School,Good,4,Yes,71.3
753,18,Male,4.3,3.4,0.9,No,83.3,5.7,Fair,1,Master,Good,2,No,59.2
754,18,Female,0.8,3.3,0.2,No,85.7,7.1,Good,4,Bachelor,Poor,9,No,51.8
755,22,Male,2.7,4.7,1.7,Yes,67.5,5.7,Poor,2,Master,Good,9,No,59.3
756,18,Male,2.3,2.3,1.7,No,88.3,6.2,Good,4,Bachelor,Good,4,No,58.5
757,19,Female,2.6,3.3,2.4,No,74.5,7.1,Fair,0,Master,Good,3,Yes,44.5
758,17,Male,3.2,2.6,2.8,No,100.0,7.1,Fair,1,High School,Good,10,Yes,75.4
759,23,Female,2.8,4.1,1.7,Yes,90.2,5.2,Fair,1,Bachelor,Average,6,Yes,54.9
761,18,Female,4.6,3.4,2.0,No,77.5,7.9,Good,0,Bachelor,Good,1,Yes,71.8
762,21,Male,1.9,2.3,1.4,No,84.0,5.1,Fair,4,High School,Poor,4,No,51.8
763,18,Male,3.9,2.4,0.0,Yes,91.1,5.5,Good,3,High School,Poor,1,Yes,59.5
764,21,Male,6.6,2.6,1.5,No,84.7,7.9,Fair,1,Master,Poor,2,No,96.6
765,19,Male,2.1,2.8,1.4,Yes,82.8,6.3,Poor,1,Master,Average,3,No,44.1
767,24,Male,3.1,2.8,2.3,No,79.0,4.8,Poor,0,Bachelor,Average,10,No,63.7
768,20,Female,5.2,4.4,0.5,No,81.6,6.2,Fair,1,High School,Poor,4,No,74.0
769,17,Male,6.4,3.7,2.0,No,64.1,5.1,Fair,6,High School,Good,4,No,98.8
770,21,Female,1.7,3.5,2.5,No,94.7,6.0,Good,5,Bachelor,Good,10,No,53.0
771,21,Female,4.2,2.0,3.5,No,88.0,6.5,Good,5,High School,Average,9,No,84.6
772,17,Female,2.8,1.4,2.8,No,77.3,8.3,Poor,5,Master,Poor,7,No,73.0
773,20,Male,3.3,3.6,2.6,No,100.0,6.2,Fair,2,High School,Poor,2,Yes,57.1
774,18,Female,7.5,3.6,1.9,Yes,85.9,7.8,Fair,6,Bachelor,Average,3,No,100.0
775,21,Male,1.2,4.3,2.2,No,74.6,8.2,Fair,2,Bachelor,Average,4,No,36.2
776,17,Male,3.9,1.8,3.2,No,93.6,8.2,Poor,0,High School,Average,4,No,65.6
777,24,Other,4.2,2.2,0.3,Yes,89.0,6.8,Poor,3,High School,Good,10,Yes,87.5
778,24,Male,5.1,0.5,1.4,No,88.9,4.1,Good,4,Bachelor,Average,8,No,100.0
779,19,Female,3.6,2.0,1.0,Yes,80.7,7.1,Good,6,Bachelor,Average,10,No,85.6
780,17,Female,4.0,3.7,2.2,No,89.5,7.8,Poor,0,High School,Average,10,Yes,89.4
781,19,Female,2.9,1.9,3.2,No,82.4,6.4,Fair,4,Bachelor,Good,6,No,66.9
783,20,Male,3.0,2.3,0.0,No,66.0,7.5,Good,2,High School,Good,9,No,77.9
784,18,Male,4.4,2.9,1.3,No,80.7,7.2,Fair,5,High School,Good,10,No,91.3
786,23,Male,4.1,2.6,2.4,No,77.3,6.9,Good,2,Bachelor,Average,9,No,85.3
787,24,Male,3.5,0.0,2.3,No,79.0,3.5,Fair,3,Bachelor,Good,5,Yes,64.4
788,24,Male,5.2,2.3,1.5,No,80.5,5.9,Fair,6,Master,Poor,3,No,82.8
789,23,Male,3.4,0.5,0.4,No,72.9,7.9,Fair,4,Bachelor,Good,4,No,78.0
790,22,Male,0.8,3.9,2.4,No,62.9,5.5,Fair,0,Master,Good,5,No,31.5
791,24,Male,5.4,3.4,0.9,No,82.7,6.2,Fair,1,Bachelor,Good,9,No,92.3
792,21,Female,2.1,3.1,4.2,No,86.4,5.2,Fair,1,Bachelor,Poor,9,Yes,50.1
793,20,Female,2.5,4.3,2.4,No,84.5,8.6,Fair,3,Master,Good,3,No,49.4
794,17,Female,2.6,1.4,1.2,No,83.6,8.5,Poor,5,Bachelor,Average,7,No,80.3
796,21,Male,0.3,3.6,1.7,No,95.2,6.7,Poor,3,Bachelor,Average,4,Yes,33.6
797,23,Male,8.2,2.2,1.5,No,83.1,5.7,Poor,2,Master,Good,5,Yes,100.0
798,17,Female,5.1,3.9,3.0,No,79.3,7.2,Good,1,Bachelor,Average,10,No,90.6
799,19,Female,3.8,1.2,2.0,No,82.2,7.1,Good,2,Bachelor,Average,2,Yes,66.3
800,17,Male,3.4,1.5,1.0,No,90.8,7.5,Good,4,Bachelor,Poor,7,Yes,86.1
801,22,Female,3.9,1.8,3.9,No,99.1,6.9,Fair,1,Master,Good,4,No,65.5
803,17,Female,4.5,1.2,2.6,No,86.0,5.3,Good,0,Bachelor,Good,6,Yes,76.3
804,22,Female,4.3,4.0,1.1,Yes,88.4,4.4,Good,2,High School,Average,2,Yes,59.0
805,20,Female,3.6,2.2,2.2,No,75.1,6.0,Fair,3,Bachelor,Average,10,Yes,76.1
806,24,Female,3.2,2.9,2.1,No,85.2,4.6,Good,1,Bachelor,Good,2,Yes,40.3
807,17,Female,3.3,1.8,0.0,No,70.3,4.7,Poor,2,High School,Average,7,Yes,65.2
808,22,Male,3.2,0.3,4.0,Yes,67.3,5.3,Good,3,High School,Good,1,No,43.9
809,21,Female,5.2,2.8,3.2,No,88.7,5.4,Good,0,Bachelor,Good,7,Yes,89.5
810,19,Male,4.4,0.2,1.4,No,81.2,5.4,Good,1,High School,Average,10,No,80.7
811,19,Female,0.0,2.4,0.6,Yes,87.0,7.1,Good,4,High School,Average,5,No,53.0
812,17,Female,4.5,0.9,2.2,No,84.8,5.9,Good,0,Bachelor,Good,1,No,70.6
813,20,Female,3.8,4.9,1.9,No,75.2,6.3,Poor,5,High School,Average,6,No,65.5
814,20,Male,3.5,3.6,2.2,No,84.5,7.6,Fair,3,High School,Average,7,No,75.1
815,21,Female,2.9,2.6,2.0,No,72.7,5.6,Poor,1,Master,Good,1,No,43.5
816,17,Female,5.2,4.0,2.4,No,98.9,6.2,Fair,1,High School,Average,9,No,80.6
817,19,Female,4.9,1.5,3.4,No,71.4,6.9,Good,6,High School,Good,7,Yes,88.2
818,20,Male,2.3,3.2,2.4,No,83.0,4.2,Fair,6,Bachelor,Poor,1,Yes,48.5
819,17,Male,4.1,2.7,0.6,No,74.6,3.6,Fair,0,Bachelor,Good,3,No,67.3
820,23,Male,2.0,2.8,3.3,No,90.7,6.9,Fair,1,Master,Poor,5,No,50.7
821,20,Male,1.4,4.0,3.6,No,81.7,7.1,Good,3,Master,Poor,4,No,35.4
822,22,Female,2.6,3.4,5.3,No,79.8,9.0,Poor,0,Bachelor,Good,2,No,49.1
823,23,Male,4.8,2.8,0.6,No,93.5,6.7,Fair,4,High School,Good,1,No,85.4
825,20,Male,4.3,1.3,0.0,Yes,90.2,6.3,Good,0,High School,Average,7,No,90.4
826,19,Male,4.6,2.4,2.4,No,75.2,6.9,Poor,4,High School,Good,4,No,87.8
827,18,Female,4.3,2.6,1.2,No,71.0,8.5,Good,5,Bachelor,Average,9,No,87.5
828,23,Female,2.5,1.1,3.9,No,86.1,4.0,Fair,6,Bachelor,Good,8,No,58.2
830,21,Female,4.7,4.3,0.0,No,91.3,9.1,Good,5,Bachelor,Good,5,No,83.5
831,21,Female,4.6,3.2,1.3,No,84.2,6.8,Poor,5,High School,Average,1,Yes,77.6
832,19,Male,5.3,2.6,0.0,Yes,87.1,8.5,Fair,5,High School,Average,9,Yes,98.4
833,20,Other,4.6,2.2,2.6,No,68.8,5.7,Poor,6,Bachelor,Good,2,No,78.5
834,17,Other,4.0,1.4,0.0,Yes,100.0,6.5,Fair,2,High School,Poor,6,Yes,81.1
835,20,Female,5.1,2.6,1.8,No,83.4,6.5,Fair,6,High School,Average,10,No,100.0
837,21,Female,2.2,1.0,1.4,No,76.6,5.1,Poor,2,High School,Poor,10,No,62.6
838,20,Male,3.3,2.9,3.6,No,88.1,5.2,Fair,4,Bachelor,Average,8,Yes,60.3
839,21,Male,2.4,2.3,2.2,No,72.0,7.5,Good,6,Master,Average,3,No,63.9
840,23,Male,2.5,0.2,0.9,Yes,89.5,7.5,Good,3,High School,Good,6,Yes,80.0
841,24,Male,3.3,1.5,1.8,Yes,81.4,6.9,Fair,5,High School,Average,6,No,62.6
842,17,Female,2.3,2.0,1.8,No,85.3,7.5,Fair,1,Bachelor,Average,10,No,71.4
843,23,Female,3.0,4.8,2.3,Yes,92.0,6.3,Fair,4,Master,Poor,3,No,60.6
844,21,Female,0.7,3.2,0.3,Yes,72.7,7.9,Fair,2,High School,Good,7,Yes,47.2
845,21,Male,3.8,0.9,2.5,No,78.2,6.5,Poor,6,High School,Average,4,Yes,78.1
846,18,Male,3.5,3.1,0.0,No,89.6,6.6,Fair,3,Bachelor,Good,5,Yes,75.5
847,18,Male,2.3,0.6,1.1,No,100.0,6.2,Fair,0,Bachelor,Good,9,No,73.5
848,23,Other,4.5,3.8,1.3,No,83.6,7.3,Fair,3,High School,Poor,6,No,74.6
849,22,Male,4.9,1.9,2.5,No,90.9,6.0,Fair,3,Bachelor,Average,10,No,98.7
850,23,Female,1.1,2.4,1.8,No,83.9,7.7,Good,5,High School,Average,4,Yes,49.2
851,18,Female,2.4,4.1,0.3,No,100.0,5.1,Poor,5,Bachelor,Good,8,No,67.4
852,21,Male,2.3,1.0,0.7,No,67.5,5.2,Good,6,Bachelor,Good,9,No,72.5
853,19,Female,2.1,0.8,2.0,No,85.9,7.3,Good,6,Master,Good,10,Yes,68.4
854,23,Female,4.7,1.8,1.7,No,68.7,6.4,Fair,2,High School,Average,5,No,70.0
855,21,Female,3.2,3.7,1.2,No,59.9,6.0,Fair,6,High School,Good,2,No,56.1
856,19,Female,3.1,0.7,1.3,Yes,88.0,7.6,Fair,2,High School,Poor,6,Yes,81.5
857,19,Male,0.5,0.0,2.6,Yes,86.4,5.8,Poor,5,Master,Poor,8,Yes,45.0
858,18,Male,4.5,2.0,1.2,Yes,82.2,6.3,Fair,5,High School,Good,5,Yes,84.4
859,23,Female,1.6,3.2,1.7,No,83.9,8.2,Good,1,High School,Good,1,No,36.8
860,20,Female,3.6,3.9,4.2,No,100.0,8.3,Poor,1,High School,Poor,8,Yes,65.6
861,17,Male,3.9,1.9,0.2,No,82.4,8.4,Fair,4,Bachelor,Poor,9,Yes,93.5
862,18,Female,5.5,2.0,0.0,No,90.1,6.2,Good,5,High School,Poor,1,No,93.7
863,18,Female,1.5,3.9,2.7,No,78.5,8.0,Good,0,High School,Poor,8,Yes,42.3
864,20,Female,0.0,0.3,1.1,Yes,88.0,5.4,Fair,1,High School,Average,10,Yes,53.3
865,17,Male,3.8,2.0,1.4,No,82.6,5.4,Good,2,Master,Good,2,No,65.9
866,21,Female,6.2,2.7,0.9,No,80.9,3.7,Fair,3,Bachelor,Good,4,Yes,87.9
867,22,Female,5.4,3.0,1.5,No,100.0,8.5,Poor,6,Bachelor,Good,2,No,94.5
868,23,Male,3.8,1.9,3.6,No,96.8,5.5,Fair,6,Master,Good,2,No,77.8
869,22,Male,2.8,2.5,2.7,Yes,86.4,6.3,Fair,4,Master,Average,10,No,74.6
870,21,Other,4.7,0.0,2.7,Yes,62.0,5.4,Good,1,High School,Good,3,No,67.5
871,24,Male,2.0,1.7,0.2,Yes,81.4,7.3,Poor,3,Master,Good,8,Yes,66.5
873,17,Female,4.3,1.3,0.0,No,82.7,4.9,Fair,1,High School,Good,7,No,84.9
874,18,Male,5.1,2.6,0.9,No,96.0,7.0,Fair,0,Master,Average,10,No,96.6
875,19,Female,7.6,3.0,2.9,No,99.4,4.8,Poor,0,High School,Good,3,No,100.0
876,18,Male,4.1,2.1,2.4,No,87.2,5.5,Fair,4,High School,Good,10,No,83.1
877,18,Female,2.7,2.7,1.6,No,76.6,4.0,Good,0,High School,Average,3,No,36.9
878,21,Male,3.5,1.3,1.8,Yes,60.6,4.8,Fair,4,Bachelor,Good,2,No,60.0
879,21,Female,0.8,2.3,1.0,No,91.8,6.7,Fair,2,High School,Poor,6,No,44.3
880,21,Male,2.5,3.2,2.0,No,76.9,4.1,Fair,1,Bachelor,Good,6,No,41.6
881,22,Male,2.9,2.7,2.6,Yes,86.8,4.7,Fair,3,Master,Average,1,No,45.5
882,19,Other,2.7,1.8,0.0,No,72.5,6.5,Fair,4,Bachelor,Poor,7,No,68.2
883,24,Male,3.7,2.8,2.1,No,82.3,5.8,Good,6,High School,Average,4,No,75.5
884,24,Female,2.3,3.4,2.8,No,85.3,8.9,Good,0,Master,Good,3,No,40.9
885,21,Male,5.2,0.0,1.3,No,87.7,8.7,Fair,6,High School,Poor,8,No,100.0
886,17,Female,3.5,3.9,2.6,No,73.9,5.5,Fair,4,High School,Good,2,Yes,65.6
888,20,Other,3.0,3.0,1.7,Yes,79.0,7.4,Fair,4,Bachelor,Good,8,Yes,69.8
889,17,Male,3.7,3.9,2.2,Yes,68.3,5.8,Fair,0,High School,Good,8,No,66.6
890,23,Male,4.7,0.9,1.0,Yes,83.9,4.7,Fair,5,High School,Average,3,No,84.5
891,23,Male,2.2,1.6,2.0,Yes,85.3,6.5,Good,5,High School,Average,4,Yes,65.6
892,17,Male,2.5,2.2,2.3,No,86.6,6.3,Fair,0,High School,Good,2,No,46.8
893,21,Female,3.0,1.6,2.0,No,98.6,6.0,Good,5,Bachelor,Good,2,No,67.7
894,20,Male,1.5,4.6,0.7,Yes,82.6,7.0,Good,1,Bachelor,Good,4,Yes,45.4
895,20,Female,2.3,1.5,2.0,No,83.8,5.6,Fair,3,Bachelor,Average,6,No,57.0
896,22,Male,2.8,1.8,3.4,Yes,74.0,5.1,Good,6,High School,Average,5,No,58.4
897,20,Male,4.8,2.7,2.3,No,93.2,6.6,Good,1,High School,Good,1,Yes,70.8
898,23,Female,3.9,1.1,2.9,No,86.8,7.0,Fair,1,Master,Average,10,No,75.7
900,21,Male,4.8,2.9,2.6,No,66.0,7.6,Poor,0,Master,Average,6,Yes,82.1
901,20,Male,3.3,2.1,2.1,No,99.4,4.4,Fair,6,High School,Good,3,Yes,71.4
902,22,Male,4.1,2.4,0.8,No,72.7,5.8,Fair,3,Master,Good,3,No,66.7
903,23,Female,3.3,1.9,2.2,No,79.1,6.2,Fair,4,High School,Average,7,No,70.9
904,19,Female,3.9,0.7,0.7,Yes,88.6,5.7,Poor,1,High School,Poor,1,Yes,73.0
905,18,Male,2.6,2.9,1.1,Yes,73.0,5.8,Good,5,Bachelor,Poor,1,Yes,53.9
906,18,Female,0.0,4.6,2.0,Yes,70.1,8.7,Fair,3,Bachelor,Average,10,No,43.4
907,19,Female,3.3,2.5,2.1,No,63.8,5.5,Fair,1,High School,Average,3,No,55.4
908,23,Female,5.6,2.8,0.5,Yes,92.2,9.4,Fair,4,Bachelor,Good,8,No,100.0
909,22,Female,4.9,3.3,3.0,No,79.5,7.0,Fair,5,Bachelor,Average,1,No,71.8
912,21,Male,3.6,2.7,0.1,No,75.8,9.5,Poor,6,High School,Average,9,No,89.1
913,18,Male,3.8,4.5,1.6,Yes,79.3,5.3,Good,3,High School,Good,4,No,53.5
914,20,Female,2.6,1.6,1.3,Yes,87.4,5.2,Good,6,Bachelor,Poor,10,No,72.9
915,22,Female,3.0,4.7,1.9,No,80.3,5.6,Fair,0,High School,Average,8,No,61.0
916,18,Male,4.4,3.4,1.4,No,91.1,6.5,Good,1,High School,Good,7,No,69.1
917,20,Male,5.3,3.2,0.0,No,75.2,4.4,Good,5,High School,Good,3,No,77.2
918,20,Male,3.3,2.8,1.4,Yes,71.2,6.5,Poor,5,Bachelor,Average,7,No,71.9
919,24,Female,2.8,2.2,1.5,No,67.0,8.5,Good,3,High School,Good,7,Yes,74.7
922,17,Male,1.3,0.1,3.6,No,82.0,5.8,Poor,5,Master,Average,2,Yes,44.3
923,23,Male,0.1,1.2,0.0,No,78.7,7.6,Poor,5,High School,Good,9,No,53.4
924,17,Other,2.7,2.3,3.2,Yes,97.4,5.5,Poor,5,Bachelor,Average,1,Yes,57.4
926,21,Male,2.7,2.4,2.7,No,81.7,8.8,Fair,5,High School,Good,4,Yes,58.8
927,20,Female,3.3,4.0,1.9,No,67.1,6.8,Good,0,Bachelor,Good,2,No,43.5
928,22,Female,2.8,0.2,3.1,No,79.3,6.5,Good,5,High School,Average,2,No,65.6
929,17,Female,5.7,2.7,1.4,No,79.0,7.7,Good,0,Master,Average,8,Yes,89.8
930,23,Male,4.0,0.3,0.6,No,78.4,7.8,Good,1,Master,Good,7,No,89.5
931,20,Female,4.0,3.4,3.4,Yes,78.0,5.5,Poor,3,Bachelor,Average,7,Yes,68.8
932,17,Female,4.4,2.4,1.7,No,78.5,5.9,Fair,0,Bachelor,Average,5,No,76.8
933,17,Female,1.8,3.0,2.0,No,81.1,4.9,Good,1,High School,Average,10,No,47.5
934,24,Male,5.1,1.5,3.2,No,78.6,7.0,Poor,5,High School,Poor,8,Yes,89.3
935,17,Male,3.4,4.0,0.7,Yes,87.1,7.3,Poor,1,Master,Good,2,No,62.0
936,22,Male,4.5,3.8,2.5,No,88.6,4.9,Good,5,Bachelor,Average,2,Yes,66.1
937,21,Female,1.9,3.2,1.2,No,75.9,6.0,Good,6,Bachelor,Good,5,No,41.7
938,22,Male,1.2,2.3,1.7,No,97.7,4.9,Fair,1,High School,Poor,1,No,28.0
940,20,Other,4.1,1.7,0.1,Yes,68.8,7.2,Good,0,Master,Average,4,No,67.5
941,21,Male,2.1,3.5,0.9,No,88.8,5.6,Fair,6,High School,Good,6,No,63.4
942,24,Female,2.2,4.5,3.3,No,76.8,6.1,Poor,3,High School,Good,7,No,50.2
943,21,Male,5.2,3.8,2.8,No,88.2,4.5,Good,2,High School,Poor,3,No,72.0
944,21,Female,1.7,1.6,1.7,No,61.0,6.7,Fair,5,Bachelor,Good,8,Yes,67.9
946,21,Female,2.1,0.9,1.5,No,91.7,5.6,Fair,3,Bachelor,Good,1,Yes,55.0
947,24,Female,4.5,3.2,3.3,Yes,70.0,6.3,Good,0,High School,Good,6,Yes,59.9
948,22,Female,3.0,3.0,1.6,No,70.2,6.7,Fair,2,Master,Good,7,No,63.2
949,21,Female,4.4,0.3,2.1,No,100.0,5.5,Fair,4,Bachelor,Good,4,No,84.5
950,19,Female,2.7,1.1,3.1,No,77.6,4.7,Fair,5,High School,Average,2,No,50.8
951,20,Female,3.3,2.2,0.9,No,76.7,8.7,Good,5,Bachelor,Poor,10,No,94.0
952,21,Female,3.6,2.1,3.5,Yes,62.3,5.7,Poor,1,High School,Average,9,No,65.6
953,20,Female,2.0,1.0,0.1,No,81.5,6.4,Fair,5,High School,Average,7,No,61.7
954,19,Male,4.6,3.0,3.6,No,82.7,7.7,Good,5,Master,Good,1,Yes,66.0
955,19,Female,2.7,2.8,1.4,Yes,92.2,10.0,Poor,3,High School,Average,8,No,86.9
956,20,Female,3.2,2.3,1.5,No,71.0,5.0,Good,6,High School,Good,3,No,59.6
957,17,Female,2.0,1.6,0.0,No,69.8,7.0,Good,5,High School,Average,4,No,49.1
958,18,Male,0.0,3.8,1.3,Yes,89.5,5.7,Good,5,High School,Average,5,No,31.1
959,23,Female,3.2,4.5,0.7,No,95.1,5.9,Fair,2,Master,Good,1,No,45.7
960,17,Male,7.1,1.9,1.1,Yes,69.3,5.6,Good,6,High School,Average,6,No,100.0
961,17,Female,4.7,1.8,1.6,No,95.8,5.1,Good,2,Master,Good,10,No,81.1
962,22,Male,3.5,3.1,2.9,Yes,85.4,6.5,Good,0,Master,Average,6,No,55.1
963,23,Female,3.1,2.1,2.0,No,95.9,4.7,Poor,0,High School,Good,2,No,53.3
964,23,Other,3.5,2.3,2.1,No,84.3,7.6,Good,5,High School,Poor,10,Yes,89.1
965,17,Male,4.3,3.4,0.6,No,59.8,6.6,Fair,5,Master,Average,6,Yes,77.3
966,21,Other,1.7,0.2,0.8,No,83.5,7.0,Poor,1,High School,Good,8,Yes,56.4
968,22,Female,4.6,2.6,1.0,No,76.1,6.1,Good,3,High School,Average,4,No,74.6
969,19,Female,4.6,2.0,3.6,Yes,81.1,6.8,Fair,5,Bachelor,Average,4,No,83.0
970,24,Female,4.2,2.4,1.5,No,83.2,5.1,Fair,3,Bachelor,Average,9,Yes,85.9
971,23,Female,3.5,2.5,1.8,No,56.0,6.1,Good,5,High School,Average,6,No,64.5
972,17,Female,4.5,0.4,3.0,No,100.0,5.5,Fair,3,High School,Good,8,No,91.9
973,19,Male,4.4,4.3,3.2,No,76.0,5.4,Good,4,Master,Good,8,No,74.6
974,20,Male,3.0,2.5,1.7,No,90.1,4.0,Fair,3,Bachelor,Poor,7,No,70.9
975,18,Female,2.6,3.0,1.4,No,84.1,8.1,Fair,6,Bachelor,Average,3,No,66.7
976,24,Female,3.7,3.6,1.7,No,97.6,5.7,Good,0,Bachelor,Good,10,Yes,77.4
977,24,Female,5.8,1.3,2.2,Yes,89.1,7.9,Good,5,High School,Average,1,Yes,99.0
978,24,Female,1.6,3.1,2.8,No,82.7,7.8,Fair,0,Bachelor,Good,5,Yes,43.5
979,22,Male,1.3,2.2,1.8,No,76.1,5.0,Good,6,High School,Poor,10,No,53.4
980,20,Female,3.7,3.5,2.5,No,93.0,5.2,Poor,6,High School,Good,10,Yes,81.0
981,24,Male,3.6,0.0,3.6,No,66.3,9.6,Fair,3,Bachelor,Average,2,No,66.2
982,20,Female,3.8,2.4,2.2,Yes,91.5,8.6,Fair,2,High School,Good,10,No,88.0
983,21,Male,3.9,1.8,2.1,No,74.0,6.5,Poor,2,Master,Average,2,No,64.4
984,24,Male,3.2,3.0,0.1,No,97.5,6.8,Fair,6,High School,Average,7,No,82.4
985,18,Male,5.7,3.1,0.0,Yes,86.6,5.7,Fair,2,Master,Good,3,Yes,80.9
986,20,Male,1.1,1.7,2.2,No,91.4,7.0,Poor,5,Master,Poor,8,No,59.6
987,20,Female,2.3,1.6,1.7,Yes,85.8,5.6,Fair,1,High School,Average,9,No,56.2
988,18,Male,3.3,2.4,1.2,No,67.5,4.1,Fair,4,Bachelor,Average,8,Yes,72.5
989,24,Male,1.0,1.4,2.1,Yes,76.4,4.9,Fair,3,High School,Average,6,No,47.6
990,18,Male,3.2,3.5,1.7,No,91.7,6.5,Good,1,Master,Good,5,No,63.6
991,20,Male,6.0,2.1,3.0,No,86.7,5.1,Good,2,High School,Good,3,No,85.3
992,18,Male,3.5,0.0,1.9,No,96.8,6.4,Fair,3,Bachelor,Poor,3,No,71.8
993,20,Male,3.8,2.1,1.0,No,89.0,5.2,Good,1,High School,Good,7,No,70.9
994,20,Female,1.6,1.3,2.9,No,75.3,5.6,Good,0,High School,Average,5,No,41.7
995,21,Female,2.6,0.5,1.6,No,77.0,7.5,Fair,2,High School,Good,6,Yes,76.1
996,17,Female,2.9,1.0,2.4,Yes,86.0,6.8,Poor,1,High School,Average,6,Yes,65.9
997,20,Male,3.0,2.6,1.3,No,61.9,6.5,Good,5,Bachelor,Good,9,Yes,64.4
998,24,Male,5.4,4.1,1.1,Yes,100.0,7.6,Fair,0,Bachelor,Average,1,No,69.7
999,19,Female,4.3,2.9,1.9,No,89.4,7.1,Good,2,Bachelor,Average,8,No,74.9
